document_id,text,label
2,"""갑""과 ""을""은 본 공사를 원활하게 수행하기 위하여 상호 신의성실의 원칙에 따라 본 계약조건을 이행하기로 한다''",1
2,"공사목적물은 견적서에 의거하여 시공하는 건축물로 하며'' 설계변경 등 '갑""과 ""을""의 협의에 의하여 그 내용에 변경이 있을 경우에는 그 내용에 따른다''",2
2,도급금액은 원칙적으로 본 계약상의 도급금액으로 한다'',4
2,"다음 각 호 1의 사유로 ""을""의 제반 비용이 발생할 경우 도급금액을 변경 한다''",4
2,"제 2 항에 의한 도급금액의 변경은 ""을""이 변경 내역을 작성하여 ""갑"" 에게 요청하면'' ""갑""과 ""을""이 협의하여 결정한다''",4
2,"공사기간은 본 계약상의 공사기간으로 하되 ""갑""은 착공 전에 ""을""의 공사 착공에 지장이 없도록 제반조치를 ""갑""의 비용으로 이행하여야 하며'' 본 공사의 착공일은 ""을""이 실제로 공사에 착수한 날로 한다''",4
2,다음 각 호의 사유로 공사기간의 변경이 필요한 경우에는 공사기간을 연장한다'',4
2,"갑은 ""을""에게 다음과 같이 도급금액을 현금으로 지급한다''",4
2,본 공사 외 추가공사 발생 시 그 내용과 금액'' 일정을 서식으로 확정하며 그에 대한 지불은 협의서 작성 즉시 지불한다'',11
2,"""을""의 공사수행을 직접 원인으로 하는 소음'' 진동'' 분진 등의 민원은 ""을""의 책임과 비용으로 하고'' 그 외의 민원은 ""갑""의 책임과 비용으로 처리한다''",0
2,"""갑""은 다음 각 호의 경우에 본 계약을 해지 또는 해제할 수 있다''",8
2,"""을""은 다음 각 호의 경우에 본 계약을 해지 또는 해제할 수 있다''",8
2,"제8조에 의하여 계약이 해제 또는 해지된 경우에는'' ""갑""과 ""을""은 지체 없이 기성부분의 공사금액을 정산하여야 한다''",8
2,제8조에 의한 계약의 해제 또는 해지로 인하여 손해가 발생한 경우에는 상대방에게 그에 대한 배상을 청구할 수 있다'',8
2,"제8조 제2항 제3호의 경우 ""을""은 3일 이내의 기간을 정하여 ""갑""에게 도급 금액 지급을 독촉할 수 있고'' 이에도 불구하고 ""갑""이 도급금액을 지급하지 않을 경우에는 ""을""은 공사의 전부 또는 일부를 일시 중지할 수 있다''",0
2,"천재지변 기상이변 등 불가항력적인 사유로 다음 각 호에 대하여 전부 또는 일부의 멸실 · 훼손 등 손해가 발생한 경우 ""갑""이 부담한다.",15
2,"""을""은 제1항의 손해가 발생한 경우 그 사실을 ""갑""에게 통지하여야 한다.",15
2,"""갑""은 제2항의 통지를 받은 즉시 그 사실을 조사 확인하여 공사기간의 연장 도급금액의 변경 또는 손해액의 부담 등 필요한 조치를 하여야 한다.",15
2,"본 공사는 공사대상 건물의 기존 주 배관'' 주 전기회로'' 주 도시가스관의 인입등이 정상적으로 이루어 진 것을 전제로 하며'' 공사대상 건물의 위 기존 주 배관등의 하자'' 방수 결함 등의 하자로 인하여 발생한 손해 (제3자의 손해도 포함한다'')는 ""을""이 책임지지 아니한다",19
2,"본공사 완료 이후의 ""갑""의 관리소홀 등으로 인한 시설이나 집기 등의 파손'' 곰팡이 발생 등에 대해서는 ""을""이 책임지지 아니한다''",19
2,"본 계약에서 정하지 아니한 사항에 대하여는 ""갑""과 ""을""이 합의하여 별도의 특약을 정할 수 있으며'' 본 계약과 상충 시 에는 특약이 우선한다''",0
2,공사의 종료시점은 계약 시 별첨 견적서상의 공사의 완료 및 제품의 납품여부 의 종료로 결정한다'',4
3,"""을"" 은 공사착수 전 ""갑"" 에게 견적서 및 상세내역서'' 공정표''공사시방 동의서를 제 출하여 승인을 득하여야 한다''",1
3,공사에 사용할 재료의 품질 및 규격은 견적서 및 상세내역서와 일치되어야 한다'' 다만'' 견적서 및 상세내역서에 품질·품명이 명확히 규정되지 아니하거나 해당 재료가 품절인 경우 상호 협의하여 달리 결정할 수 있다'',11
3,전항의 합의가 없는 경우 공사에 사용할 재료는 표준품 또는 표준품에 상당하는 재료로 서 계약의 목적을 달성하는데 가장 적합한 것으로 한다'',1
3,"본 공사 계약은 ""갑"" 과 ""을"" 양당사자간의 계약이며'' ""박목수의 열린 견적서"" 카페 와 (주)박목수의열린견적서"" 는 어떠한 법적 책임이 없다''",1
3,"공사진행 중 또는 공사완료 후 ""갑"" 의 요구에 의하여 공사내용을 변경하거나 추가할 경우 ""을"" 은 이에 응할 수 있으며'' ""갑""은 변경 및 조정에 따르는 추가경비를 ""을"" 에 게 지불하여야 한다'' 공사완료 후 공사변경은 별도계약에 의하여 처리하여야 한다''",2
3,"을 은 공사의 원활한 진행 및 계약목적의 효율적 달성을 위해 공사내용 및 공법의 변 경을 ""갑"" 에게 요청할 수 있다''",4
3,예정준공일은 공사내용의 변경에 따라 추가로 소요되는 기간을 고려하여 연장할 수 있 다'',4
3,제1항 및 제2항에 의하여 공사금액이 변경되는 경우 잔금 지급시 정산한다'',0
3,"""을"" 은 공사 완료 후 6개월 이내에 발생한 일부 또는 전부하자에 대해 보수할 책임이 있다'' 다만'' ""갑"" 과 ""을"" 은 하자보수를 위한 기간의 연장 또는 단축을 별도로 합의할 수 있다''단 견적서에 명시된 방수공사와 단열공사는 1년으로 한다",13
3,"""갑"" 의 부주의 또는 천재지변으로 인한 경우 ""을"" 은 면책된다''",15
3,"본공사 계약은 ""갑"" 과 ""을"" 양당사자간의 계약이며'' 하자보수에 대해 ""박목수의 열린 견적서"" 카페와 ""(주)박목수의열린견적서"" 는 어떠한 법적 책임이 없다''",1
3,"""을"" 은 준공 기한 내에 공사를 완성하지 못하였을 때에는 매 지체일당 공사금액의 2/1''000에 해당하는 금액을 ""갑"" 에게 지불하여야 한다''",7
3,"""을"" 은 노사분규'' 천재지변 등 기타 특수한 사정으로 인하여 공사가 지연될 경우에는 즉시 ""갑"" 에게 통보하고'' 당해 사유의 종료시까지 기간의 연장을 요청할 수 있다''",7
3,"""갑"" 의 요구에 의한 설계변경 및 제2항의 사유에 의한 공사지연의 경우에는 지체보상 금을 면제한다''",7
3,"""갑"" 또는 ""을"" 은 다음 각 호의 1에 해당하는 경우 서면으로 당해 계약의 일부 또는 전부를 해제·해지할 수 있다''",8
3,전항의 규정에 의하여 계약이 해제 또는 해지될 경우 책임이 있는 일방은 상대방의 손해 를 배상할 책임이 있다'' 단'' 천재지변 등 불가항력 사유로 인한 경우에는 배상책임을 면제 한다'',15
3,"""을"" 은 계약된 공사의 일부 또는 전부를 제3자에게 양도 또는 하도급 할 수 없다'' 다 만'' 공사의 편의 및 공정의 특수성이 있는 때 또는 ""갑"" 의 동의가 있는 경우에는 예외로 한다''",12
3,"""갑"" 은 ""을"" 이 당해 공사를 원활하게 진행할 수 있도록 필요한 제반 조치(건축허가 등 주무관청의 인허가'' 민원해결 등)에 협조하여야 하며'' 이와 관련된 제반비용도 부담하여야 한다''",0
3,"""갑"" 과 ""을"" 은 상호 협의하여 본 계약서를 변경 또는 수정할 수 있다''",0
3,"본 계약서에 규정하지 않은 사항에 대해서는 ""갑"" 과 ""을"" 이 대등한 지위에서 합의하 여 특약으로 정할 수 있다''",0
3,본 계약에서 발생한 분쟁은 합의에 의하여 해결함을 원칙으로 하고'' 당사자 사이에 해결되지 않는 분쟁은 중재법에 의한 중재기관의 중재에 의하여 최종 해결한다'',19
4,공사(설계) 금액은 일천탄박상심만 원정으로 한다.,4
4,공사 대금 지불 방법은 아래와 같이 하고 '갑'은 원활한 공사 진행과 시한의 준수를 위하여 상호 신뢰에 입각하여 대금 지불을 철저히 이행한다.,4
4,공사 시설물에 대한 일체의 9월 권한은 준공 20인 10% 승인까지 1 200.000 '을'이 가지며 잔금 지불후 '갑'에게 이를 양도한다.,0
4,공사(설계) 기간은 계약일로부터 17 일간으로 한다 (2021년 월 2월부터 2021년9 월/0일까지) 단 다음 각 호의 경우에는 공사(설계)기간을 '갑'과 '을'의 상호 협의하에 그 기간을 변경할 수 있다.,4
4,공사에 따른 설계는 '갑'과 '을'이 협의하에 결정하고 설계제작은 '갑'이 '을'에게 위촉한다.,0
4,을'이 공사를 진행하는 중 관계 법규의 개정이나 '갑'의 설계변경으로 인한 수정 또는 재공사로 인한 초과금액은 '갑'이 '을'에게 추가로 지불 하여야 한다.,11
4,을'은 '을'이 작성한 설계도에 의해 공사를 진행하며 설계상의 착오로 인하여 공사진행 중 문제점이 발생하여울때 '을'은 지체없이 이를 해결한다.,14
4,갑'은 공사(설계)중 전부 또는 일부의 공사 및 설계를 중단하는 사유가 발생하더라도 이미 진행된 부분에 대한 보수는 '갑'과 '을'이 합의하에 결정한다.,0
4,공사내역서의 내용대로 '을'이 공사한 부분에 대한 하자 보수 기간은 1년이며 급박한 문제시 '을'은 이를 즉시 해결하고 '갑'과 '을'의 상호 합의하에 해결한다.,13
5,이 계약서는 실내건축인테리어의 대하미르빌 101동 1403호 인테리어 공사를 의뢰한 발주자와 시공업자 와 사이에 체결된 공사 계약상의 권리.의무 및 책임에 관한 사항을 규정함을 목적으로 한다.,1
5,"시공업자''는 계약체결 시 발주사에게 상호 및 대표자 성명'' 영업소재지 주소 (""발주사""의 불만을 처리 할 수 있는 곳의 주소 포함)를 기재합니다.",3
5,시공 장소 야음동 대하미르빌 101동 1403호 공사 내용 실내인테리어 30평 공사 일정 착공일 2021.10.01부터 완료일 총 시공금액 총 원정(부가세별도) 계약금 30% 2021년 09월 09일 지급 원정 중도금 50% 공사 50% 완료시 지급 원정 완불금 20% 공사 완료 시 지급 원정,4
5,시공업자는 제3조 제3항의 공사금액을 원자재 가격 상승 등을 이유로 인상할 수 없다 단'' 급격한 원가상승에 따른 내용과 전쟁'' 천재지변은 제외한다.,4
5,"공사의 범위 및 공사의 내역 : ""시공업자""는 ""발주자""가 쉽게 이해할 수 있도록 발주자에게 공사의 범위와 물량'' 시공자재의 제품'' 규격 등을 기재한 별도의 내역서를 제출하여야 한다.",4
5,공사의 경우에는 시공자재의 제품명(제조사)'' 제품색상'' 유리두께'' 유리색상 등을 구체적으로 기재한다.,4
5,"""시공업자""는 제3조의 계약내용을 준수하여 공사를 완료하여야 한다.",5
5,"""시공업자""는 공사완료 후 당초 설계서에 의한 공사내용이 계약내용과 이상이 없음을 ""발주사""에게 확인시켜야 한다.",5
5,"""시공업자""는 제10조 규정에 따라 하자보수의 책임을 진다.",5
5,"발주자는 제3조 제3항의 공사금액을 정해진 기일에 ""시공업자""에게 지급하여야 한다.",6
5,"발주자는 공사금액을 지급함에 있어 하자가 발견되었을 경우 ""발주자""는 하자의 보수나 하자보수에 갈음하는 금액을 ""시공업자""에게 청구할 수 있으며'' 이를 청구한 경우 ""소비자""는 ""시공업자""가 하자를 보수하거나 하자보수에 갈음하는 금액을 지급 할 때까지 그에 상응하는 공사금액의 지급을 거절할 수 있다.",6
5,"""발주자""가 부가세를 끊기 위해서는 ""시공자""에게 부가세에 해당하는 금원을 지급하여야 한다. 부가세 금원은 공사 총 시공금액의 10%임을 확인한다.",6
5,"발주자 또는 ""시공업자""는 다음 각 호의 어느 하나에 해당하는 경우 상대방에게 서면으로 즉시 계약을 해제할 수 있다.",8
5,"발주자는 ""시공업자""가 정당한 사유 없이 착공을 지연한 경우 상당한 기간을 정하여 서면으로 계약의 이행을 최고한 후 동 기간 내에 계약이 이행되지 아니한 때 계약을 해제할 수 있다.",8
5,"""발주자"" 또는 ""시공업자""의 귀책사유로 계약이 해제된 경우 ""발주사"" 또는 ""시공업자""는 다음 각 호의 규정에 의한 위약금을 상대방에게 지급하여야 한다.",8
5,"""시공업자""는 ""발주자""가 대금지불을 연기 시 계약을 해지 할 수 있다.",8
5,"""시공업자""는 공사의 설계 및 자재변경 등으로 인하여 계약한 제품의 공급이 불가능할 경우 변경 시공 할 내역을 ""소비자""에게 통보하고'' ""발주자""와 협의한 후 동질.동가의 제품으로 시공할 수 있다. 다만'' 이를 이유로 제3조 3항의 공사금액을 인상할 수 없다.",11
5,"""발주자""의 사정에 의하여 공사내용이 변경되는 경우 ""발주자""와 ""시공업자""는 협의하여 변경할 수 있고'' 공사내용의 변경으로 발생하는 추가비용은 ""발주사""가 지급한다.",11
5,"""발주자""는 매매 본 내용의 계약 물건에 대해 타인에게 양도양수를 할수 있으나'' 본 공사대금의 지급이 지연 또는 미지급등의 계약의 이행에 영향을 미치는 사유가 발생하였을 때에는 ""시공업자""에게 서면으로 통지하여 그 양도양수에 따른 협의가 되어야 한다.",12
5,"발주자의 건축물에 대한 매매 등 소유권 이전이 발생한 경우 ""발주자""와 ""시공업자""는 본 계약이 소유권을 이전받는 자에게 승계되도록 노력하여야 한다. 다만'' 본 계약이 승계되지 아니한 경우 ""발주자""또는 ""시공업자""는 계약을 해제할 수 있고""발주사""는 제7조 제2항에 따른 위약금을 ""시공업자"" 에게 지급 하여야 한다.",12
5,"""시공업자""는 공사 완료 후 무상 수리 기간을 12개월로 한다. ( 천재지변 및 시공자와 상의없이 진행 : '시공업자""는 공사완료 균열'' 파손 등의 하자가 발생하였을 된 임의 변경사항의 제외한다.) 후'' 누수'' 때 다음 각 호에 해당하는 기간 (이하 '무상 수리기간')에는 무상 수리를 해주어야 한다. 다만 무상수리 기간 중 ""발주자""의 사용상 부주의로 하자가 발생하여 ""발주사""가 ""시공업자""에게 수리를 청구한 경우'' ""시공업자""는 수리에 응하되 그 비용은 ""발주자""가 부담한다.",13
5,"시공업자는 무상 수리기간이 지난 후 발생한 하자에 대하여 ""발주자""가 수리를 요청하는 경우 '발주자''의 비용 부담으로 유상수리 할 수 있다.",13
5,"""시공업자""가 공사에 사용한 제품이 계약서상의 규격에 미달할 경우 ""발주자""는 ""시공업자""에게 교체시공이나 공사금액 차액 환급 등의 손해배상을 "" '시공업자""에게 청구할 수 있다.",13
5,이 계약서에서 규정하지 않은 사항과 해석에 관하여는 건설산업기본법'' 약관의 규제 등에 관한 법률'' 공정거래위원회가 정하는 소비자인 발주자 보호지침 및 관계법령 또는 상관례에 따른다.,19
5,"이 계약과 관련된 분쟁에 관한 소송은 민사소송법상의 관할법원에 제기하여야 한다. 위 계약의 내용을 증명하기 위하여 계약서 2통을 작성하여 ""발주자""와 ""시공업자""는 각 1통씩 보관한다.",20
5,"공사현장 전/후 사진을 ""그린홈 홈페이지""에 게시 되는 것에 대하여 동의한다.",0
7,"을이 계약서를 작성함에 있어 ""갑""의 편의상 계약금 없이 서명/날인 만으로도 계약이 성립된다.",2
7,"""갑""의 귀책 사유로 인하여 24시간 이내 본 계약은 해지가 가능하며 공사계약금 일체를 반환하지 않으며 개약의 효력이 종료된다.",8
7,갑의 사유로 인하여 해약할 경우 공사계약금의 반환을 청구할 수 없으며 착공이 된 경우 시공비용 전액을 변상해야 한다.,8
7,계약금은 계약당일에 납부하여야 하며 착수금/중도금은 별도로 지정한 날짜에 납부하며 잔금은 공사완료 기점으로 납부함을 원칙으로 한다.,4
7,"시공후 하자 보수는 일주일로 부터 1년으로 한다(단 천재지변 및 ""을""의 고의성 과실은 제외)",13
7,"본 계약과 관련한 모든 분쟁은 관할지방법원으로 하며 본 계약서는 2통을 작성하여 ""갑""과 을""이 각각 한 통씩 보관한다.",0
8,공사세부내용은 아래와 같다.,4
8,"공사 대금 지불 방법은 아래와 같이 하고 ""갑""은 원활한 공사 진행과 공사시 한의 준수를 위하여 상호 신뢰에 입각하여 대금 지불을 철저히 이행한다.",4
8,공사 시설물에 대한 일체의 권한은 준공승인 까지 '을'이 가지며 잔금지불 후 '갑'에 게 이를 양도한다.,0
8,공사(설계)기간은 2021 년1o 원 일 까지 일간으로 한다. 단 다음 각 호의 경우에는 공사(설계)기간을 '갑'과 '올'의 상호 협의하에 그 기간을 변경할 수 있다.,4
8,공사에 따른 설계는 '갑'과 '을'이 긴밀히 협의하여 결정하고 설계제작은 '갑'이 '을' 에게 위촉한다.,0
8,을'이 공사를 진행하는 중 관계법규의 개정이나 '갑'의 설계변경으로 인한 수정 또는 재공사로 인한 초과금액은 '갑'이 '을'에게 추가로 지불하여야 한다.,11
8,을'은 '을'이 작성한 설계도에 의해 공사를 진행하며 설계상의 착오로 인하여 공사진 행중 문제점이 발생하였을 때 '을'은 지체없이 이를 해결해야 한다.,14
8,갑'은 '을'에게 다음 각 호의 경우에는 실제 소요경비를 별도로 우선 지급하여야 한다.,0
8,을'은 '갑'에게 완성된 설계도 1부를 작성하여 계약기간 내에 납품하여야 한다.,0
8,설계도서의 저작권은 '을'에게 있으며 본 공사 이외의 사용모방을 할 수 없다.,0
8,갑'은 공사(설계)중 전부 또는 일부의 공사 및 설계를 중단해야 할 사유가 발생하더라도 이미 진행된 부분에 대한 보수는 '갑'과 '을'이 협의하여 '갑'이 '을'에게 지불하여야 한다.,0
8,을'이 정당한 사유없이 공사(설계)업무를 지연시켰을 때에는 공사(설계)금액에 대하여 매 1일 마다 공사금액 1%에 해당하는 지체상금을 '갑'에게 지불하여야 한다.,7
8,본 계약에 의해 발생하는 권리이행은 상호간의 승낙없이 제3자에게 지불하여야 이양 또는 해지 할 수 없다,12
8,공사완공은 '갑'이 충분히 검토 확인 후 하자가 있을 시엔 개업전 '을'에게 수정 지시 시공토록 하며 '갑'과 '을'이 합의 하에 인수인계 하여 개업을 할 때에는 완공으로 인정한다.,14
8,준공 후 시설물에 대한 하자 보수 기간은 1년으로 하되 소모품이나 기타 외부적인 요인으로 인한 하자의 발생시 '갑'과 '을'이 상호 협의하여 절충한다.,13
8,본 계약에 기재되지 아니한 사항이 발생하였을 때는 '갑'과 '을'이 상호 사회적 통념을 바탕으로 협의 결정한다.,0
9,시공업자는 계약내용을 준수하여 공사를 완료하여야 한다.,5
9,아파트 입주예정일 지연 등 부득이한 사정이 발생한 경우 계약자와 시공업자는 합의하여 공사완료일을 조정할 수 있다.,4
9,계약자의 사정에 의하여 공사내용이 변경되는 경우 상호 협의하에 변경할 수 있고 공사내용의 변경으로 발생되는 추가비용은 계약자가 지급한다.,11
9,시공업자는 공사완료 후 1년이내에 하자가 발생하였을 경우 무상수리해주어야 한다.,13
9,계약자의 사정에 의하여 계약이 취소되는 경우 계약급은 반환되지 않는다.,8
9,이 계약에 명시되지 아니한 사항에 대해서는 일반적인 상관례를 따른다.,19
11,공사 세부내용은 아래와 같다.,4
11,"공사 대금 지불방법은 아래와 같이 하고 ""갑"" 은 원활한 공사 진행과 공사 시한의 준수를 위하여 상호 신뢰에 입각하여 대금 지불을 철저히 이행한다.",4
11,하자보수 보증기간은 완공 후 잔금 완납일로부터 1년 사후관리는 이후에도 유지된다.,13
11,단 소모품이나 과실에 의한 파손 손실 등에 대해서는 비용을 청구 할 수 있다.,13
12,발주자(이하 '갑'으로 칭한다)와 시공자(이하 '을'으로 칭한다)는 대등한 입장에서 서로 협력하여 신의에 따라 성실히 계약을 이행한다.,1
12,"을은 계약체결 전후로 예정된 공사내용과 공사가격의 내역(견적서등)을 ""갑""에게 문서로 제출하여야 한다.",3
12,"공사에 사용할 재료 중에서 ""갑""이 품목을 지정하여 검사를 요구하는 경우에는 ""을""은 이에 응해야 하며 지정한 품목과 다르거나 품질이 현저히 저하된 재료는 대품으로 대체하여 사용해야 한다.",10
12,"""을""은 산업재해 발생에 대비하여 안전시설 설치 및 보험의 가입등 적정한 조치를 하여야 하며 이에 대한 비용은 견적상에 별도로 기재하여 명시한다.",16
12,"공사기간내에 공사현장에서 발생한 산업재해에 대한 책임은 ""을""에게 있다.",16
12,"공사기간중 현장에 대한 관리책임 및 권한은 ""을""에게 있으며 ""갑""도 이를 존중하고 따라야 한다. ""갑""이 이를 지키지 않아 발생한 문제는 ""갑""에게 책임이 있다.",16
12,"을은 재해방지등의 이유로 조치가 필요한 경우 미리 긴급조치를 취하고 이후 ""갑""에게 통보하여야 한다.",17
12,"갑은 재해방지 및 공사의 시공상 부득이하다고 인정될 때에는 ""을""에게 긴급조치를 요구할 수 있다.",17
12,제1항'과'제2항'에 의거하여 진행된 응급조치의 비용은 제7조 2항에 의거해 결정한다,17
12,"공사 계약체결 전에 알 수 없었던 현장상황 또는 계약이후 ""갑""으로부터 얻은 새로운 정보로 인하여 공사내용이 변경될 시 ""을""은 일정과 공사금액을 재산정할 수 있다.",11
12,"계약된 공사내용의 변경 추가 공사 또는 같은 공간에서의 별도공사를 하고자 할때 ""갑""과 ""을"" 모두의 합의가 있어야 하며 합의된 내용에 따라 공사내용 공사기간 공사비용을 재산정한다.",11
12,"갑의 귀책사유 또는 천재지변 불가항력의 사태등 ""을""의 책임이 아닌 사유로 공사가 지연되는 경우 ""을""은 공사기간의 연장을 ""갑""에게 요구할 수 있다.",11
12,제1항과 제2항으로 인한 발생비용은 제7조 2항에 의거해 결정한다.,11
12,"계약한 견적서에 포함되어 있지 않는 같은 공간의 공사를 ""갑""이 ""을""이 아닌 제 3자에게 진행을 의뢰한 경우 ""을""은 해당공사에 대한 관리·감독 권한 및 책임이 없으며 이로 인하여 ""을""이 진행하는 공사의 시공 및 일정에 피해가 없게 하여야 한다.",11
12,"설계서의 내용이 공사현장의 상황과 일치하지 않거나 불분명 누락 오류가 있을 때 사업계획이 변경된 때에는 ""갑""과 ""을""의 협의를 통해서 설계를 변경한다.",14
12,설계변경으로 인하여 공사량의 증감이 발생한 때에는 다음의 각호를 기준에 의거하여 계약금액을 조정한다.,11
12,"을은 공사를 완성한 때에 ""갑""에게 이를 통지하여야 하며 ""갑""은 통지를 받은 후 지체없이 ""을""의 입회하에 확인하여야 한다.",5
12,"갑은 ""을""의 공사내용이 계약내용과 다르거나 품질이 현저히 떨어지는 경우 개조나 보수를 요구할 수 있다.",6
12,을은 공사과정 완료시 결과물에 대한 촬영권한 및 그 촬영물에 대한 사용권한을 가진다.,0
12,"갑""의 개인정보가 노출되는등의 피해가 우려되는 결과물의 경우 ""을""에게 공개를 하지 않도록 요청할 수 있다.",0
12,"을은 준공기한내에 공사를 완성할 책임이 있으며 불가피한 사유로 공사가 지체될 ""갑""에게 미리 통보하여야 한다. ""을""이 불가피하지 않은 사유및 의도적으로 공사를 지연시키는 경우 지체상금율에 따라 지연기간에 대한 피해보상을 청구할 수 있다.",7
12,"""갑""은 준공된 공사의 결과물에 대해 인도즉시 대금을 지급하여야 하며 대금지급이 지연되는 경우 지체상금율과 동일한 비율로 지연기간에 대한 피해를 보상하여야 한다.",7
12,1 2항에 따라 공사기간의 지연 대금지급이 지연되는 경우 총공사금액을 기준으로 지체상금율을 적용한다.,7
12,"을은 준공완료한 날로부터 계약서에 정한 하자담보기간중 해당 공사에 발생하는 일체의 하자를 보수하여야 한다. 다만 천재지변 등 불가항력이나 ""을""의 책임이 아닌 사유(""갑""의 관리상 문제점으로 인한 하자)로 인하여 발생한 것일 때에는 그렇지 않다.",13
12,"1항에 의한 하자보수 요구를 받고 ""을""이 이에 응하지 아니하는 경우 ""갑""은 직접 하자보수를 행하고 이때 발생하는 비용은 ""을""에게 청구할 수 있다.",13
12,견적에 포함되지 않은 서비스 항목은 하자보수대상에 포함되지 않는다.,13
12,"""갑""은 다음 각항에 해당하는 경우에는 계약의 전부 또는 일부를 해제 또는 해지 할 수 있다",8
12,"1항의 규정에 의한 계약의 해제 또는 해지는 그 사유를 명시하여 ""을""에게 통지함으로 효력이 발생한다.",8
12,"단 ""갑""의 단순 변심으로 인한 계약해지시 계약해지 시점까지 발생한 모든 비용을 ""갑""이 부담하고 전체 계약금의 30%를 지급한다.",8
12,"""을""은 다음 각항에 해당하는 경우에는 계약의 전부 또는 일부를 해제 또는 해지 할 수 있다",8
12,"1항의 규정에 의한 계약의 해제 또는 해지는 그 사유를 명시하여 ""갑""에게 통지함으로 효력이 발생한다.",8
12,"이 계약에 의하여 발생하는 권리 또는 의무는 제3자에게 양도하거나 위임할 수 없다. 다만 ""갑""과""을"" 및 보증인의 서면동의를 모두 얻은 경우에는 그렇지 않다.",12
12,계약에서 발생하는 문제에 대한 분쟁발생시에는 계약당사자 쌍방의 합의에 의하여 해결한다,19
12,1항의 합의가 성립되지 못할 때에는 관련법령에 의하여 설치된 기관의 조정 또는 중재에 의하여 해결할 수 있다.,19
12,"이 계약에서 명시되지 않은 사항에 대하여 ""갑""과 ""을""이 합의하여 별도의 특약을 정할 수 있다.",0
13,공사세부내용은 아래와 같다.,4
13,공사 대금 지불방법은 아래와 같이 하고 '갑'은 원활한 공사 진행과 공사시한의 준수위하여 상호 신뢰에 입각하여 대금 지불을 철저히 이행한다.,6
13,공사 시설물에 대한 일체의 권한은 준공숭인 까지 '을'이 가지며 잔금지불 후 '갑'에게 이를 양도한다.,0
13,공사(설계)기간은 2020 년 3월 18일부터 2020 년 4월 16일로 한다. 단 다음 각 호의 경우에는 공사(설계)기간을 '갑'과 '을'의 상호 협의 하에 그 기간을 변경할 수 있다.,4
13,공사에 따른 설계는 '갑'과 '을'이 긴밀히 협의하여 결정하고 설계제작은 '갑'이 '을'에게 위촉한다.,0
13,을'이 공사를 진행하는 중 관계법규의 개정이나 '갑'의 설계변경으로 인한 수정 또는 재공사로 인한 초과금액은 '갑'과 '을'이 협의 조율함을 원칙으로 한다.,11
13,을'은 '을'이 작성한 제안서(기본설계)에 의해 공사를 진행하며 설계상의 착오로 인하여 공사진행 중 문제점이 발생하였을 때 '을'은 '갑'과 협의 후 수정 진행한다,14
13,본 계약에 의해 발생하는 권리이행은 상호간의 승낙없이 제3자에게 이양 또는 해지할 수 없다. 단 '갑'과 '을'중 한쪽이 공히 고의적으로 계약이행을 태만히 하거나 객관적으로 판단하여 계약진행의 효력이 없어졌다고 인정되었을 때는 상대방에게 문서로 중지한 후 통지일로부터 30일 이내 협의가 이루어지지 않을 때에는 일방적으로 계약을 해지할 수 있다.,12
13,공사완공은 '갑'이 충분히 검토 확인 후 하자가 있을 시엔 준공 전 '을'에게 수정 지시 시공토록 하며 '갑'과 '을'이 합의 하에 인수인계 하여 개업을 할 때에는 완공으로 인정한다.,14
13,본 계약에 기재되지 아니한 사항이 발생하였을 때는 '갑'과 '을'이 상호 사회적 통념을 바탕으로 협의 결정한다.,19
15,소재지 : 광주광역시 서구 호반아파트 501동1201호,4
15,면 적 35평,4
15,도급대금 : 일금 이천이백칠십만원정 (\ 22 700 000 ),4
15,을'은 2016년 1월 28일 공사에 착수하여 2015년2월20일 까지 완료함과 동시에 '갑'에게 인도한다.,4
15,갑은 총공사 대금\22 700 000원정 중 2016년 1월 29일 계약금 \4 000 000원정 중도금 \10 000 000 원정 공사완료후 나머지 대금 \8 700 000원정 도급대금을 지급하여야 한다.,4
15,공사에 요하는 기계 노무 공임 및 인원 등은 을이 일체를 부담한다.,0
15,갑은 을이 필요로 하는 한 분지를 무상으로 사용하게 한다.,0
15,공사 중 갑은 설계 또는 재료의 변경 등을 청구할 수 있으나 이로 인하여 발생한 비용은 모두 갑이 부담한다. 또한 이로 인하여 공사완료가 지연되므로 인한 손해는 갑에게 돌아간다.,11
15,건물을 인도한 후일지라도 을은 공사의 하자에 대하여 법규가 정하는 바에 따라 책임을 부담한다.,13
15,갑은 공사의 하자를 발견한 경우 을에게 상당한 기간을 정하여 그 하자의 보수를 청구할 수 있다.,13
15,갑은 하자의 보수에 갈음하여 또는 그 보수와 동시에 손해배상을 청구할 수 있다. 단 이 경우에는 민법 제 667 조의 규정에 따른다.,13
15,전 7조의 공사의 하자가 갑의 지시에 따라 생겼을 경우는 예외로 한다. 단 을이 그 지시가 부적당한 것을 알면서 통고하지 않았을 때는 예외로 한다.,13
15,전 8조에 규정한 하자보수 또는 손해보상은 건물의 인도로부터 1년 이내에 청구하여야 한다.,13
18,"을은 공사착수 전 ""갑""에과 함께 공사 내용에 대한 충분한 협의 후 진행하도록한다.",1
18,공사에 사용할 재료의 품질 및 규격은 설계서와 일치되어야 한다. 다만 설계도서에 품질.품명이 명 확히 규정되지 아니하거나 해당 재료가 품절인 경우 상호 협의하여 달리 결정할 수 있다.,11
18,전항의 합의가 없는 경우 공사에 사용할 재료는 표준품 또는 표준품에 상당하는 재료로서 계약의 목적을 달성하는데 가장 적합한 것으로 한다.,0
18,"공사진행 중 또는 공사완료 후 ""갑""의 요구에 의하여 공사내용을 변경하거나 추가할 경우 ""을""은 이에 응할 수 있으 며 ""갑""은 변경 및 조정에 따르는 추가경비를 ""을""에게 지불하여야 한다.",11
18,"을은 공사의 원활한 진행 및 계약목적의 효율적 달성을 위해 공사내용 및 공법의 변경을 ""갑""에게 요청할 수 있다.",11
18,예정준공일은 공사내용의 변경에 따라 추가로 소요되는 기간을 연장할 수 있다.,11
18,제1항 및 제2항에 의하여 공사금액이 변경되는 경우 즉시 정산한다.,11
18,"을은 노사분규 천재지변 등 기타 특수한 사정으로 인하여 공사가 지연될 경우에는 즉시 ""갑""에게 통보하고 당해 사유의 종료 시까지 기간의 연장을 요청할 수 있다.",4
18,"갑 또는 ""을""은 다음 각 호의 1에 해당하는 경우 서면으로 당해 계약의 일부 또는 전부를 해제.해지할 수 있다.",8
18,전항의 규정에 의하여 계약이 해제 또는 해지될 경우 책임이 있는 일방은 상대방의 손해를 배상할 책임이 있다. 단 천재지변 등 불가항력 사유로 인한 경우에는 배상책임을 면제한다.,15
18,"을은 계약된 공사의 일부 또는 전부를 제3자에게 양도 또는 하도급 할 수 없다. 다만 공사의 편의 및 공정의 특수성 이 있는 때 또는 ""갑""의 동의가 있는 경우에는 예외로 한다.",12
18,"갑은 ""을""이 당해 공사를 원활하게 진행할 수 있도록 필요한 제반 조치(건축허가 등 주무관청의 인허가 민원해결 등) 에 협조하여야 하며 이와 관련된 제반비용도 부담하여야 한다.",0
18,"갑과 ""을""은 상호 협의하여 본 계약서를 변경 또는 수정할 수 있다.",2
18,"본 계약서에 규정하지 않은 사항에 대해서는 ""갑""과 ""을""이 대등한 지위에서 합의하여 특약으로 정할 수 있다.",0
18,"잔금 지급은 에어컨 기계 설치를 제외한 모든 공정이 끝났음을 ""갑""과 ""을""이 같이 확인 후 입금하며 입금 확인 후 에어컨 기계 설치를 끝으로 준공됨을 인정한다.",4
18,본 계약에서 발생한 분쟁은 합의에 의하여 해결함을 원칙으로 하고 당사자 사이에 해결되지 않는 분쟁은 중재법에 의한 중재 기관의 중재에 의하여 최종 해결한다.,19
18,외주업체(에어컨 설비 시트지 등등) 부문에 있어서 시공 후 생기는 하자 보수는 각각의 업체에 직접 연락하여 진행한다. 에어컨 부문은 설치과정에서 생긴 문제는 외주 업체에서 하자보수를 진행하나 에어컨기계나 실외기 작동 오류 같은 문제는 에어컨 공식 A/S 업체에 문의 한다.,13
18,하자보수는 건물자체가 문제가 생기는 경우 (천장누수 결로현상 등)는 보수가 불가하며 공사자체로 문제가 생기는 경우는 하자보수가 가능합니다. 기간은 완공 후 1년으로 지정한다. 내용 무,13
23,공사(설계) 금액은 일천탄박상심만 원정으로 한다.,4
23,공사 대금 지불 방법은 아래와 같이 하고 '갑'은 원활한 공사 진행과 시한의 준수를 위하여 상호 신뢰에 입각하여 대금 지불을 철저히 이행한다.,4
23,공사 시설물에 대한 일체의 9월 권한은 준공 20인 10% 승인까지 1 200.000 '을'이 가지며 잔금 지불후 '갑'에게 이를 양도한다.,0
23,공사(설계) 기간은 계약일로부터 17 일간으로 한다 (2021년 월 2월부터 2021년9 월/0일까지) 단 다음 각 호의 경우에는 공사(설계)기간을 '갑'과 '을'의 상호 협의하에 그 기간을 변경할 수 있다.,4
23,공사에 따른 설계는 '갑'과 '을'이 협의하에 결정하고 설계제작은 '갑'이 '을'에게 위촉한다.,0
23,을'이 공사를 진행하는 중 관계 법규의 개정이나 '갑'의 설계변경으로 인한 수정 또는 재공사로 인한 초과금액은 '갑'이 '을'에게 추가로 지불 하여야 한다.,11
23,을'은 '을'이 작성한 설계도에 의해 공사를 진행하며 설계상의 착오로 인하여 공사진행 중 문제점이 발생하여울때 '을'은 지체없이 이를 해결한다.,14
23,갑'은 공사(설계)중 전부 또는 일부의 공사 및 설계를 중단하는 사유가 발생하더라도 이미 진행된 부분에 대한 보수는 '갑'과 '을'이 합의하에 결정한다.,0
23,공사내역서의 내용대로 '을'이 공사한 부분에 대한 하자 보수 기간은 1년이며 급박한 문제시 '을'은 이를 즉시 해결하고 '갑'과 '을'의 상호 합의하에 해결한다.,13
25,이 계약서는 실내건축· 창호 공사를 의뢰한 소비자와 시공업자와 사이에 체결된 공사 계약상의 권리·의무 및 책임에 관한 사항을 규정함을 목적으로 한다.,1
25,"시공업자 는 계약체결 시 소비자에게 상호 및 대표자 성명 영업소재지 주소 ( ""소비자"" 의 불만을 처리할 수 있는 곳의 주소 포함)를 기재한 본 계약서 별도의 내역 서 등을 소비자에게 제공하고 다음 각 호의 규정을 ""소비자"" 가 이해할 수 있도록 설명하여야 한다.",3
25,시공장소: 서울 성동구,4
25,"공사일정: 착공일 20. 04. 03부터 공사완료일 20. 05. 04 ( 26 일간) 단 아파트 입주예정일 지연 등 부득이한 사정이 발생한 경우 ""소비자"" 와 ""시공업자"" 는 합의하여 공사 완공일자를 조정 할 수 있다.",4
27,"본 계약은 시공사 문맥 와 공사주 (이하 ""B""라고 함)장간의 공정 한 계약체결을 위해 계약조건 이익과 발전을 도모하는 데에 그 목적을 둔다.",1
27,"A와 (이하 ""B""이라 칭함)은 본 계약관계를 확실 분명하게 문서화 하며 사업의 원만한 발전을 위해 아래 각 조항들을 성실히 이행한다.",4
27,"이 계약은 ""A""와 ""B""간의 서명을 통한 계약성립 직후 효력이 발생된다.",2
27,"A와 ""B""는 사정상 중요한 사유가 발생될 경우 사전 협의 하에 계약의 내용을 전부 또는 일부를 변경할 수 있으며 변경된 약관은 서면 등을 통해 ""A""와 ""B""가 보관한다.",2
27,"B는 건축지 확정 후 본 공사 착공시 1일 이전에 계약금 50%를 ""A""에게 현금으로 지급한다.",6
27,B는 공사시작 10일 이내에 중도금 30% 10% 두 번 나누어 지급 후를 현금 완불하여야 하며 실내 인테리어시설 및 공사완료 후 나머지 10%를 현금으로 지급한다.,6
27,"대금집행에 있어 현금지급이 아닌경우에는 그에 따른 수수로 및 이자는 ""B""가 책임진다.",6
27,"대금지급에 있어 계약전 부가가치세 제외금액이며 부가가치세에 대한 세금계산서를 요청하는 경우에는 ""B""는 ""A""에게 그에 상응하는 부가가치세를 (공사금액의 10%) 지급하여야 한다.",6
27,"대금지급의 지연시에는 ""A""는 본 공사ㅔ 시공에 대한 시공을 지연 또는 정지를 할 수 있으며 ""B""는 이에 대한 책임이 있음을 확인 합니다.",7
27,"본 계약의 시설 규정은 ""A""가 설정한 규정으로 시공하는 것을 원칙으로 한다.",0
27,"본 계약의 시행은 완성된 도면에 준하며 ""A""는 ""B""와 합의가 이루어진 후 공사진행을 실시한다.",0
27,"B는 반드시 도면 검토를 해야 하며 승인에 따른 ""공사시작 확인서""에 확인 서명을 해야 한다. 또한 부득이 시설물 변경 사항이 요구 될 경우에는 반드시 본 공사 집행 이전에 ""A""와 사전 협의하여야 한다. 단 도면검토기간은 공사시작 전 일주일 이내에 정하며 ""A""와 ""B""가 확정한 후에 인테리어시설공사를 시작한다.",4
27,"""B""는 모든 인테리어 공사 및 시설이 끝난 후 이의를 제기하거나 변경 요청을 할 수 없다.",0
27,"""A""는 ""B""의 영업장 소재지에서 인테리어 및 내 외장 공사 업무가 끝나는 시점으로부터 7일 이내에 시스템 설치 및 시운전을 한다.",0
27,"단 ""A""가 지급해야 할 비용에 대하여 정상적으로 지불이 되지 안거나 지불치 못하였을 경우 ""A""는 대금 지급 종결 시까지 시스템 입고 및 시운전을 자동으로 연장하며 이때 ""B는 ""A""에게 귀책사유를 제기할 수 없다.",0
27,"""A""가 납품한 물품 및 ""A""가 ""B""의 지정장소에 설치한 인테리어건축 시설물에 대한 하자 보수 기간은 영업개시일로부터 24개월로 규정하며 하자보수 기간이라도 ""B""의 관리 소홀로 발생한 파손 망실은 하자보수로 인정치 않고 ""B""의 비용부담으로 보수를 하도록 한다.",13
27,하자보수는 그 성격에 따라 논란의 여지가 있으므로 다음 사항은 하자로 인정치 않기로 한다.,13
27,"시설물이 완료 되었더라도 소모성 물품은 A/S 대상이 아니므로 소모성 물품 소비에 대하여는 ""B""의 비용으로 교체 교환 사용하여야 한다.",13
27,"""A""는 ""A""가 정상 납품한 시스템 및 주변기기 인테리어거눅의 중대한 하자 발견 시 제조사를 상대로 리콜 및 전담처리 진행을 협의하여 매장 영업에 차질이 발생치 안도록 지원해야 한다.",5
27,B은 사용하는 건축물 대금을 물품 인도 전에 지불한다.,6
27,"본 약관에 정하지 않은 사항에 대해서는 필요에 따라 ""A""와 ""B""간 상호 협의하여 정한다",9
27,"명백한 ""A"" 실책에 의한 공사지연으로 약정된 공사가 오픈이 지연될 시 ""A""은 ""B""에게 매 지체 일수마다 계약금액외 지급된 금원에 3/1000에 해당하는지체보상금을 지불한다.",7
27,"본 계약은 ""A""과 ""B""의 합의 하에 성립되었으며 합의된 내용에 서명 날인하여 법률적인 효력을 갖는다. 이를 증명하기 위해 서명 날인된 계약서를 ""A"" 와 ""B""가 각 1통씩 보관한다.",2
27,본 계약과 관련한 최후 분쟁은 울산지방법원 본원을 합의관할법원으로 한다.,20
28,공사세부내용은 아래와 같다.,4
28,공사 대금 지불방법은 아래와 같이 하고 '갑'은 원활한 공사 진형과 공사시 한의 준수를 위하여 상호 신뢰에 입각하여 대금 지불을 철저히 이행한다.,4
28,공사 시설물에 대한 일체의 권한은 준공승인 까지 '을'이 가지며 잔금지불 후 '갑'에게 이를 양도한다.,0
28,공사(설계)기간은 2021년 9월 15 일부터 2021년 9월 24 일 까지 10 일간으로 한다. 단 다음 각 호의 경우에는 공사(설계)기간을 그 기간을 변경할 수 있다.,4
28,공사에 따른 설계는 '갑'과 '을'이 긴밀히 협의하여 결정하고 설계제작은 '갑'이 '을'에게 위촉한다.,0
28,을'이 공사를 진행하는 증 관계법규의 개정이나 '갑'의 설계변경으로 인한 수정 또는 재공사로 인한 초과금액은 '갑'이 '을'에게 추가로 지불하여야 한다.,11
28,을'은 '을'이 작성한 설계도에 의해 공사를 진행하며 설계상의 착오로 인하여 공사진행 중 문제점이 발생하였을 때 '을'은 지체없이 이를 해결해야 한다.,14
28,갑'은 '을'에게 다음 각 호의 경우에는 실제 소요경비를 별도로 우선 지급하여야 한다.,0
28,을'은 '갑'에게 완성된 설계도 1부를 작성하여 계약기간 내에 납품하여야 한다.,0
28,설계도서의 제작권은 '을'에게 있으며 본 공사 이외의 사용모방을 할 수 없다.,0
28,갑'은 공사(설계)중 전부 또는 일부의 공사 및 설계를 중단해야 할 사유가 발생하더라도 이미 진행된 부분에 대한 보수는 '갑'이 '을'에게 지불하여야 한다.,0
28,을'이 정당한 사유없이 공사(설계)업무를 지연시킨을 때에는 공사(설계)금액에 대하여 매 1일 마다 공사금액1%에 해당하는 지체상금을 '갑'에게 지불하여야 한다.,7
28,본 계약에 의해 발생하는 권리이행은 상호간의 승낙없이 제3자에게 이양 또는 해지할 수 없다. 단 '갑'과 '을'중 한쪽이 공히 고의적으로 계약이행을 태만히 하거나 객관적으로 판단하여 계약진형의 효력이 없어졌다고 인정되었을 때는 상대방에게 문서로 중지한 후 통지 일로부터 30일 이내 협의가 이루어지지 않을 때에는 일방적으로 계약을 해지할 수 있다.,12
28,공사완공은 '갑'이 충분히 검토 확인 한 후 하자가 있을 시엔 개업전 '을'에게 수조 지시 시공토록 하며 '갑'과 '을'이 합의 하에 인수인계 하여 개업을 할 때에는 완공으로 인정한다.,14
28,준공 후 시설물에 대한 하자 보수 기간은 1년으로 하되 소모품이나 기타 외부적인 요인으로 인한 하자의 발생시 '갑'과 '을'이 상호 협의하여 절충한다.,13
28,본 계약에 기재되지 아니한 사항이 발생하였을 때는 '갑'과 '을'이 상호 사회적 통념을 바탕으로 협의 결정한다.,0
29,공사명 실내 인테리어 공사장소 봇들1단지 신미주 115동 1201호 시작일 2021 년 6월 1일 공사기간 완료일 2021 년 6월 30 일,4
29,총 공사금액 사천오백사십만원 (VAT미포함) ( ₩ 45 400 000 원 ),4
29,갑은 전항의 공사대금지급과 관련하여 정당한 사유 없이 지급을 지연하여서는 안되며 지연 시에는 미지급액에 대하여 지급일 다음 날로부터 완제 일까지 연 ( 5 )%의 지연이자를 지급하여야 한다.,7
29,"을은 공사착수 전 ""갑""에게 설계도서(도면 시뮬레이션 등)를 제출하여 승인을 취득 하여야 한다.",4
29,공사에 사용할 재료의 품질 및 규격은 설계서와 일치되어야 한다. 다만 설계도서에 품질 · 품명이 명확히 규정되지 아니하거나 해당 재료가 품절인 경우 상호 협의하여 달리 결정할 수 있다.,4
29,전항의 합의가 없는 경우 공사에 사용할 재료는 표준품 또는 표준품에 상당하는 재료 로서 계약의 목적을 달성하는데 가장 적합한 것으로 한다.,11
29,"공사진행 중 또는 공사완료 후 ""갑""의 요구에 의하여 공사내용을 변경하거나 추가할 경우 ""을""은 이에 응할 수 있으며 ""갑""은 변경 및 조정에 따르는 추가경비를 ""을""에 게 지불하여야 한다. 공사완료 후 공사변경은 별도계약에 의하여 처리하여야 한다.",11
29,"을""은 공사의 원활한 진행 및 계약목적의 효율적 달성을 위해 공사내용 및 공법의 변 경을 ""갑""에게 요청할 수 있다.",11
29,예정 준공일은 공사내용의 변경에 따라 추가로 소요되는 기간을 고려하여 연장할 수 있다.,11
29,제1항 및 제2항에 의하여 공사금액이 변경되는 경우 잔금 지급 시 정산한다.,11
29,"을은 공사 완료 후 12개월 이내에 발생한 일부 또는 전부하자에 대해 보수할 책임이 있다. 다만 ""갑""과 ""을""은 하자보수를 위한 기간의 연장 또는 단축을 별도로 합의할 수 있다.",13
29,"갑의 부주의 또는 천재지변으로 인한 경우 ""을""은 면책된다.",13
29,"""을""은 공사기간 중 공사로 인해 야기되는 화재 도난 등에 모든 책임을 질 것이며 현 장에는 관리자를 파견하여 사고에 만전을 기한다.",16
29,"을은 노사분규 천재지변 등 기타 특수한 사정으로 인하여 공사가 지연될 경우에는 즉시 ""갑""에게 통보하고 당해 사유의 종료 시까지 기간의 연장을 요청할 수 있다.",7
29,갑의 요구에 의한 설계변경 및 제2항의 사유에 의한 공사지연의 경우에는 지체보상 금을 면제한다.,7
29,"갑 또는 ""을""은 다음 각 호의 1에 해당하는 경우 서면으로 당해 계약의 일부 또는 전부를 해제 · 해지할 수 있다.",8
29,전항의 규정에 의하여 계약이 해제 또는 해지될 경우 책임이 있는 일방은 상대방의 손해를 배상할 책임이 있다. 단 천재지변 등 불가항력 사유로 인한 경우에는 배상책 임을 면제한다.,8
29,"을은 계약된 공사의 일부 또는 전부를 제3자에게 양도 또는 하도급 할 수 없다. 다만 공사의 편의 및 공정의 특수성이 있는 때 또는 ""갑""의 동의가 있는 경우에는 예외로 한다.",12
29,"갑은 ""을""이 당해 공사를 원활하게 진행할 수 있도록 필요한 제반 조치(건축허가 등 주무관청의 인허가 민원해결 등)에 협조하여야 하며 이와 관련된 제반 비용도 부담 하여야 한다.",0
29,"갑과 ""을""은 상호 협의하여 본 계약서를 변경 또는 수정할 수 있다.",0
29,"본 계약서에 규정하지 않은 사항에 대해서는 ""갑""과 ""을""이 대등한 지위에서 합의하여 특약으로 정할 수 있다.",0
29,본 계약에서 발생한 분쟁은 합의에 의하여 해결함을 원칙으로 하고 당사자 사이에 해결 되지 않는 분쟁은 중재법에 의한 중재기관의 중재에 의하여 최종 해결한다.,19
29,갑은 공사 완료 후 현장 촬영 및 입주 후 촬영에 합의한다.,0
29,촬영한 자료는 자사의 블로그 홈페이지 SNS 등 홍보용으로 사용에 동의한다.,0
30,공사명 : 성남 연습실 실내 인테리어 마무리 작업,4
30,공사장소: 경기도 성남시 중원구 광명로 93번길 지층,4
30,공사면적: 약 120m2,4
30,공사기간 : 2021년 10월 13일 ~ 2021년 10월 20일,4
30,총 공사금액 일천사백육십만원정(부가가치세 별도임) (₩ 14 600 000),4
30,갑은 전항의 공사대금지급과 관련하여 정당한 사유 없이 지급을 지연하여서는 안되며 지연시에는 미지급액에 대하여 지급일 다음 날로부터 완제일까지 연 5%의 지연 이자를 지급하여야 한다.,7
30,"을은 공사착수 전 ""갑""에게 작업일정서 공사내역서를 제출하여 승인을 취득하여야 한다.",4
30,공사에 사용할 재료의 품질 및 규격은 설계서와 일치되어야 한다. 다만 설계도서에 품질·품명이 명확히 규정되지 아니하거나 해당 재료가 품절인 경우 상호 협의하여 달 리 결정할 수 있다.,11
30,전항의 합의가 없는 경우 공사에 사용할 재료는 표준품 또는 표준품에 상당하는 재료로서 계약의 목적을 달성하는데 가장 적합한 것으로 한다.,0
30,"공사진행 중 또는 공사완료 후 ""갑""의 요구에 의하여 공사내용을 변경하거나 추가할 경우 ""을""은 이에 응할 수 있으며 ""갑""은 변경 및 조정에 따르는 추가경비를 ""을""에게 지불하여야 한다. 공사완료 후 공사변경은 별도계약에 의하여 처리하여야 한다.",11
30,"을은 공사의 원활한 진행 및 계약목적의 효율적 달성을 위해 공사내용 및 공법의 변 경을 ""갑""에게 요청할 수 있다.",11
30,예정완공일은 공사내용의 변경에 따라 추가로 소요되는 기간을 고려하여 연장할 수 있다.,4
30,제1항 및 제2항에 의하여 공사금액이 변경되는 경우 잔금 지급 시 정산한다.,11
30,"갑 또는 ""을""은 다음 각 호의 1에 해당하는 경우 서면으로 당해 계약의 일부 또는 전부를 해제·해지할 수 있다.",8
30,전항의 규정에 의하여 계약이 해제 또는 해지될 경우 책임이 있는 일방은 상대방의 손해를 배상할 책임이 있다. 단 천재지변 등 불가항력 사유로 인한 경우에는 배상책 임을 면제한다.,8
30,"을은 계약된 공사의 일부 또는 전부를 제3자에게 양도 또는 하도급 할 수 없다. 다만 공사의 편의 및 공정의 특수성이 있는 때 또는 ""갑""의 동의가 있는 경우에는 예외로 한다.",12
30,본 계약에서 발생한 분쟁은 합의에 의하여 해결함을 원칙으로 하고 당사자 사이에 해결 되지 않는 분쟁은 중재법에 의한 중재기관의 중재에 의하여 최종 해결한다.,19
30,"갑은 ""을""이 당해 공사를 원활하게 진행할 수 있도록필요한제반 조치(건축허가 등 주무관청의 인허가 민원해결 등)에 협조하여야 하며 이와 관련된 제반비용도 부담하여야 한다.",0
30,"갑과 ""을""은 상호 협의하여 본 계약서를 변경 또는 수정할 수 있다.",0
30,"본 계약서에 규정하지 않은 사항에 대해서는 ""갑""과 ""을""이 대등한 지위에서 합의하여 특약으로 정할 수 있다.",0
31,"본 계약서 작성 및 계약금 납부와 동시에 계약이 성립되며 계약체결 후 해약을 할 수없으며 해약시 계약금 등은 ""을""에 귀속된다. 단 ""을"" 은 계약금이 환납된 경우에 한하여 제품제작 및 공사를 시작하며 제품제작을 시작한 후에는 공사 진행 정도에 따라 손해액을 ""을""에게 지급한 후 ""갑""은 본 계약을 해지할 수 있다.",4
31,갑' 은 본 계약에 의한 중도금을 '을' 이 지정한 중도금 및 잔금 납부기간까지 아래의 지정한 계좌로 납부하여야 하며 중도금 및 잔금의 납부가 지연될 시에는 은행 이자율에 준한 지체금을 청구할 수 있다.,7
31,"을은 ""갑""의 설치장소 표시(계약)품목을 준공검사후 입주전에 설치 및 공사마감을 한다.(단 중공검사 지연으로 인하여 공사마감도 지연될 수 있다.)",0
31,"갑' 의 사용관리상의 하자를 제외한 ""을"" 의 시공상의 하자에 대하여 공사완료일로부터 1년간 하자보수 책임을 '을' 이 진다. 단 ""갑""의 사용상 부주의로 인한 하자등에 대하여는 유상처리한다.",13
31,갑' 의 아파트에 대한 매매 또는 전매가 발생한 경우 매도인은 본 계약에 관한 사항을 매매 또는 전매계약에 포함하여 계약한다.,12
31,계약한 제품의 보완 및 개선 단종 신제품 개발 등으로 인하여 계약한 제품의 공급이 불가능할 경우 동일한 수준 이상 혹은 동일한 가격 이상의 제품으로 변경할 수 있다.,11
33,공사 장소 : 전주시 완산구 척동8길 5-7 1층,4
33,공사 면적 : 33m2,4
33,공사 기간: 2021년 10월 9일 ~ 10월 25일 까지,4
33,공사 금액 및 대금 지급일(부가세 포함),4
33,을은 상기 공사를 설계도면 및 마같재선택에 의거 시공한다,0
33,"갑은 ""을""이 설계한 본 공사에 대해 도면 표기 마감을 승인하고 인정한다.",0
33,"갑은 확정된 도면에 의거 공사 진행을 하고 있는 ""을""에게 잦은 구조및 설계변경(마감재변경)을 요구할 경우 이에 따른 하자 발생과 공사비의 상승및 지체되는 준공일정에 대해 책임을 묻지 않는다",11
33,"공사중 ""갑""이 정당한 사유없이 공사를 중단 및 파기시 현재까지 진행된 공사비의 일체를 부담하여야 한다.",0
33,을은 하자 보수기간을 12개월로 한다,13
33,"을은 공사완료후 ""갑""의 부주의로 인한 파손은 책임을 지지 않는다",13
33,"갑은 공사비를 ""을""에게 약속한 기한내에 지불치 않을시 시설물 일체를 남은 공사 대금으로 간주하고 임으로 처분할수 있으며 ""을""은 민 형사상의 책임을 지지 않는다",7
34,"도금인(이하 ""갑""이라 한다)과 수급인(이하 ""을""이라 한다)은 대등한 입장에서 서로 협력하여 신의에 따라 성실히 계약을 이행한다.",1
34,상호 보완적 효력이 있는 본 계약의 계약문서는 건설공사 도급계약서 건설공사 도급계약 일반조건으로 구성되며 필요시 공사계약특수조건 설계서 및 산출 내역서를 작성할 수 있다.,2
34,공사착공일과 준공일은 계약서에 명시된 일자로 한다.,4
34,"을의 귀책사유 없이 공사 착공일에 착공할 수 없는 경우에는 ""을""의 현장인수일자를 착공일로 하며 이 경우 ""을""은 공사기간의 연장을 요구할 수 있다.",4
34,"준공일은 ""을""이 건설공사를 완성하고 ""갑""에게 준공검사를 요청한 날을 말한다.",4
34,"을은 재해방지를 위하여 특히 필요하다고 인정될 때에는 미리 긴급조치를 취하고 즉시 이를 ""갑""에게 통지하여야 한다.",17
34,"응급조치에 소요된 경비는 실비를 기준으로 ""갑""과 ""을""이 협의하여 부담한다.",17
34,"갑의 책임이 있는 사유 또는 천재지변 불가항력의 사태 원자재수급불균형 등으로 현저히 계약이행이 어려운 경우 등 ""을""의 책임이 아닌 사유로 공사수행이 지연되는 경우 ""을""은 공사기간의 연장을 ""갑""에게 요구할 수 있다.",4
34,"""갑""은 제1항의 규정에 의한 계약기간 연장의 요구가 있는 경우 즉시 그 사실을 조사 확인하고 공사가 적절히 이행될 수 있도록 계약기간의 연장 등 필요한 조치를 하여야 한다.",4
34,제1항의 규정에 의거 공사기간이 연장되는 경우 이에 따르는 현장관리비 등 추가경비는 조정한다.,4
34,갑은 제1항의 계약기간의 연장을 승인하였을 경우 동 연장기간에 대하여는 지체상금을 부과하여서는 아니 된다.,4
34,"""갑""은 ""을""이 시공한 공사 중 설계서에 현저히 적합하지 아니한 부분이 있을 때에는 이의 시정을 요구할 수 있으며 ""을""은 지체 없이 이에 응하여야 한다.",14
34,"제1항의 경우 설계서에 적합하지 아니한 공사가 ""갑""의 요구 또는 지시에 의하거나 기타 ""을""의 책임으로 돌릴 수 없는 사유로 인한 때에는 ""을""은 그 책임을 지지 아니한다.",14
34,"""갑""이 설계변경 등에 의하여 공사내용을 변경 추가하거나 공사의 전부 또는 일부에 대한 시공을 일시 중지할 경우에는 변경계약서 등의 서면을 사전에 ""을""에게 교부하여야 한다.",11
34,"""갑""의 지시에 의하여 ""을""이 추가로 시공한 공사물량에 대하여서는 공사비를 증액하여 지급하여야 한다.",11
34,"사업계획의 변경 등으로 인하여 추가 시설물의 설치가 필요한 때에는 ""갑""은 설계를 변경하여야 한다.",11
34,제1항의 설계변경으로 인하여 공사량의 증감이 발생한 때에는 다음 각 호의 기준에 의하여 계약금액을 조정하며 필요한 경우 공사기간을 연장하거나 단축한다.,11
34,제8조에 의한 경우 이외에 계약내용의 변경으로 계약금액을 조정하여야 할 필요가 있는 경우에는 그 변경된내용에 따라 계약금액을 조정하며 이 경우 증감된 공사에 대한 일반관리비 및 이윤 등은 산출내역서상의 율을 적용한다.,4
34,"""갑""과 ""을"" 쌍방의 책임 없는 사유로 강사의 목적물이나 제3자에게 손해가 생긴 경우 다음 각 호와 같이 손해를 부담한다.",18
34,"""갑""은 공사목적물의 인도 전이라 하더라도 ""을""의 동의를 얻어 공사 목적물의 전부 또는 일부를 사용할 수 있다.",0
34,"제1항의 경우 ""갑""은 그 사용에 선량한 관리자의 주의 의무를 다하여야 한다.",0
34,"""갑""은 제1항에 의한 사용으로 ""을""에게 손해를 끼치거나 ""을""의 비용을 증가하게 한 때는 그 손해를 배상하거나 증가된 비용을 부담한다.",0
34,"""을""은 공사를 완성한 때에는 ""갑""에게 통지하여야 하며 ""갑""은 통지를 받은 후 지체 없이 ""을""의 입회하에 검사를 하여야 하며 ""갑""이 ""을""의 통지를 받은 후 3일 이내에 검사결과를 통지하지 아니한 경우에는 3일이 경과한 날에 검사에 합격한 것으로 본다.",5
34,"""을""은 제1항의 검사에 합격하지 못한 때에는 지체 없이 이를 보수 또는 개조하여 다시 준공검사를 받아야 한다.",5
34,"""을""은 검사의 결과에 이의가 있을 때에는 재검사를 요구할 수 있으며 ""갑""은 이에 응하여야 한다.",5
34,"""갑""이 별다른 이의 없이 ""을""로부터 공사목적물을 인수하면 준공검사에 합격한 것으로 본다.",5
34,"""을""은 ""갑""의 준공검사에 합격한 후 즉시 공사현장을 정리하고 공사대금의 지급을 ""갑""에게 청구할 수 있다.",6
34,"""갑""은 특약이 없는 한 계약의 목적물을 인도 받음과 동시에 ""을""에게 공사 대금을 지급하여야 한다.",6
34,갑이 공사대금을 지급기한내에 지급하지 못하는 경우에는 그 미지급금액에 대하여 지급기한의 다음날부터 지급하는 날까지의 일수에 계약서상에서 정한 대가지급 지연이자율(시중은행의 일반대출시 적용되는 연체이자율 수준을 감안 하여 상향 적용할 수 있다)을 적용하여 산출한 이자를 가산하여 지급하여야 한다.,7
34,"""을""은 준공기한 내에 공사를 완성하지 아니한 때에는 매 지체일수마다 계약서상의 지체상금율을 계약금액에 곱하여 산출한 금액(이하 '지체상금'이라 한다)을 ""갑""에게 납부하여야 한다. 다만 ""갑""의 귀책사유로 준공검사가 지체된 경우와 다음 각 호의 1에 해당하는 사유로 공사가 지체된 경우에는 그 해당일수에 상당하는 지체상금을 지급하지 아니하여도 된다.",7
34,"제1항을 적용함에 있어 제10조의 규정에 의하여 ""갑""이 공사목적물의 전부 또는 일부를 사용한 경우에는 그 부분에 상당하는 금액을 계약금액에서 공제한다.",7
34,"""갑""은 제1항 및 제2항의 규정에 의하여 산출된 지체상금은 제12조의 규정에 의하여 ""을""에게 지급되는 공사대금과 상계할 수 있다.",7
34,"""을""은 ""갑""이 전체목적물을 인수한 날과 준공검사를 완료한 날 중에서 먼저 도래한 날부터 계약서에 정한 하자담보 책임기간 중 당해공사에 발생하는 일체의 하자를 보수하여야 한다. 다만 다음 각 호의 사유로 발생한 하자에 대해서는 그러하지 아니하다.",13
34,"""갑""은 다음 각 호의 1에 해당하는 경우에는 계약의 전부 또는 일부를 해제 또는 해지할 수 있다.",8
34,"제1항의 규정에 의한 계약의 해제 또는 해지는 ""갑""이 ""을""에게 서면으로 계약의 이행기한을 정하여 통보한 후 기한 내에 이행되지 아니한 때 계약의 해제 또는 해지를 ""을""에게 통지함으로써 효력이 발생한다.",8
34,"""을""은 다음 각 호의 1에 해당하는 경우에는 계약의 전부 또는 일부를 해제 또는 해지할 수 있다.",8
34,제1항의 규정에 의하여 계약을 해제 또는 해지하는 경우에는 제3의 규정을 준용한다.,8
34,"제15조 및 제16조의 규정에 의하여 계약이 해지된 때에는 ""갑""과 ""을""은 지체없이 기성부분에 공사금액을 정산하여야 한다.",8
34,제15조 및 제16조의 규정에 의한 계약의 해제 또는 해지로 인하여 손해가 발생한 때에는 상대방에게 그에 대한 배상을 청구할 수 있다.,8
34,"""갑""이 계약조건에 의한 선금과 기성부분금의 지급을 지연할 경우 ""을""이 상당한 기한을 정하여 그 지급을 독촉하였음에도 불구하고 ""갑""이 이를 지급치 않을 때에는 ""을""은 공사중지기간을 정하여 갑에게 통보하고 공사의 일부 또는 전부를 중지할 수 있다.",7
34,제1항의 공사중지에 따른 기간은 지체상금 산정 시 공사기간에서 제외된다.,7
34,"""갑""은 제1항의 공사중지에 따른 비용을 ""을""에게 지급하여야 하며 공사중지에 따라 발생하는 손해에 대해 ""을""에게 청구하지 못한다.",7
34,"""갑""과 ""을""은 이 공사의 시공 및 계약의 이행에 있어서 건설산업기본법 등 관계법령의 제규정을 준수하여야 한다.",19
34,"기타 이 계약서에서 정하지 아니한 사항에 대하여는 ""갑""과 ""을""이 합의하여 별도의 특약을 정할 수 있다.",0
36,"도면 시방서 계약내역서의 내용이 서로 다르거나 명기가 없을 때에는 건축주 (이하""갑""이라 함) 에게 협의하여 처리 한다.",0
36,관련공사와 부합되지 아니하거나 의문이 생길 때에는 갑과 협의하여 공사의 목적이 성실히 달성 될 수 있도록 시공 한다.,0
36,시공 중 마무리 맞춤 등으로 치수 설치공법의 사소한 변경 또는 약간의 수량 증감 동의 경미한 변경 (총 공사비 0.3%이내)은 공사비 증감 없이 시공한다.,0
36,"도면 시방서 내역서 등에 누락된 사항이라도 공사 성질상 당연 즉 시공하여야할 사항에 대하여는 갑과 사전협의하고 시공자 (이하 사항이라도 ""을""이라 함)가 시공하여야 한다. 이때 공사비는 협의에 의한다.",0
36,갑과 사전 협의하여야 할 사항,0
36,을은 공사의 공정을 바르고 안전하게 시공하기 위하여 적절하고 합리적인 방법을 강구하여야 한다.,16
36,공사의 품질 관리,10
36,"본 공사의 공기가 당초 계약 공기보다 20일 이상 지연되었을 경우 ""갑""이 일반적으로 ""을""에게 계약해지 또는 해제 통보를 할 수 있다. 또한 당초 계약기한 보다 지연되어 준공되었을 경우에는 지체상금을 부과할 수 있다(지체상금 율은 일일 1 000분의 1에 해당하는 금액)",7
36,"공사의 추가 또는 축소를 갑이 ""을""에게 지시할 수 있다. 이때 ""을""과 공사비 및 공사기간의 조정은 협의에 의한다.",11
36,공사용 전기 및 수도,0
36,뒤 청소 및 원상복구,0
36,"향후 하자보수요청을 2회 이상 요구하였으나 하자보수에 응하지 않거나 보수조치가 완전하게 되지 않아 하자 보증기간 내에 2회 이상 동일한 하자가 발생할 경우에는 ""갑""이 임의적으로 보수하고 그 비용을 ""을""에게 청구할 수 있다.",13
36,"본 계약으로 인한 ""갑""과 ""을"" 간의 다툼이나 분쟁은 협의에 의해 해결한다.",19
36,"""을""은 본 공사를 시행함에 있어서 별지 견적서 및 설계도면에 준하여 계약 기간 내에 충실히 공사를 시행한다. 단 도면에 특별히 명시되어 있지 아니하거나 상호 부합되지 않은 것이 있을 때는 ""갑""의 지시에 따라야 한다.",5
36,"""갑""은 ""을""에게 본 공사금액을 제 1회(계약금) 제 2회(1차) 제 3회(2차) 제 4회(3차) 제 5회 (잔금)을 지불한다. 단 ""갑""이 아무런 사유 없이 공사비의 지불을 7일 이상 연체 시에는 ""을""은 ""갑""에게 공사 중지를 통보하고 계약을 취소하고 기 진행된 공사의 공사비 전액을 청구할 수 있다.",7
36,"본 공사는 ""을""의 임의대로 지연할 수 없으며 천재지변이나 기타 불가항력 의 사유가 있을 때는 ""갑""의 승인 하에서만이 이를 연장할 수 있다.",4
36,공사로 인해 주변에 피해(소음 악취 먼지 등)가 발생되지 않도록 필요한 조치를 하여야 하고 피해 및 민원 발생 시 을의 부담으로 조치하여야 한다.,0
36,공사 중 화재에 대한 철저한 방호 대책을 수립하고 시공에 만전을 기하여야 한다.,16
36,공사 중에 발생할 수 있는 각종 사고에 대비하여 을은 작업자에게 안전교육 및 안전시설을 을의 부담으로 갖추어야 한다.,16
36,안전 관리비 및 산재보험 가입비는 관련법에 따라 갑이 부담한다.,16
36,"본 공사는 계약서의 각 사항에 해석상의 이의가 발생하였을 때에는 상 관례에 따르며 본 계약서에 명시되어 있지 않은 사항에 대해서는 ""갑""과 ""을""이 상호 협의한 후 결정하는 바에 의존한다.",0
37,공사세부내용은 아래와 같다.,4
37,"공사 대금 지불방법은 아래와 같이 하고 ""갑""은 원활한 공사 진행과 공사 시 한의 준수를 위하여 상호 신뢰에 입각하여 대금 지불을 철저히 이행한다.",4
37,"공사 시설물에 대한 일체의 권한은 준공승인 까지 ""을""이 가지며 잔금지불 후 ""갑""에게 이를 양도한다.",0
37,"공사(설계)기간은 2021년 09월 05일 부터 2021년 09월 24일 까지 20일간으로 한다. 단 다음 각 호의 경우에는 공사(설계)기간을 ""갑""과 ""을""의 상호 협의 하에 그 기간을 변경할 수 있다.(추석연휴 공사진행안함)",4
37,"공사에 따른 설계는 ""갑""과 ""을""이 긴밀히 협의하여 결정하고 설계제작은 ""갑""이 ""을""에게 위촉한다.",0
37,"""을""이 공사를 진행하는 중 관계법규의 개정이나 ""갑""의 설계변경으로 인한 수정 또는 재공사로 인한 초과금액은 ""갑""이 ""을""에게 추가로 지불하여야 한다.",11
37,"""을""은 ""을""이 작성한 설계도에 의해 공사를 진행하며 설계상의 착오로 인하여 공사진행 중 문제점이 발생하였을 때 ""을""은 지체없이 이를 해결해야 하며 해당사항에 있어서 추가적인 비용은 ""을"" 이 책임진다.",14
37,"""갑""은 ""을""에게 다음 각 호의 경우에는 실제 소요경비를 별도로 우선 지급하여야 한다.",0
37,"을은 ""갑""에게 완성된 설계도 1부를 작성하여 계약기간 내에 납품하여야 한다.",0
37,"설계도서의 저작권은 ""을""에게 있으며 본 공사 이외의 사용모방을 할 수 없다.",0
37,"""갑""은 공사(설계)중 전부 또는 일부의 공사 및 설계를 중단해야 할 사유가 발생하더라도 이미 진행된 부분에 대한 보수는 ""갑""과 ""을""이 협의하여 ""갑""이 ""을""에게 지불하여야 한다.",0
37,"""을""이 정당한 사유없이 공사(설계)업무를 지연시켰을 때에는 공사금액에 0.05% 지체상금을 매 1일당 ""갑""에게 지불하여야 한다.",7
37,"본 계약에 의해 발생하는 권리이행은 상호간의 승낙없이 제3자에게 이양 또는 해지할 수 없다. 단 ""갑""과 ""을"" 중 한쪽이 공히 고의적으로 계약이행을 태만히 하거나 객관적으로 판단하여 계약진행의 효력이 없어졌다고 인정되었을 때에는 상대방에게 문서로 중지한 후 통지 일로부터 30일 이내 협의가 이루어지지 않을 때에는 일방적으로 계약을 해지할 수 있다. 공사가 중단되어질 경우 ""갑""은 ""을""에게 진행되어진 만큼의 비용을 지불하고 ""을""은 그 외에 비용을 받지않고 ""갑""의 현장에 추가 문제발생이 되지않도록 빠르게 철수한다.",12
37,"준공 후 시설물에 대한 하자 보수 기간은 1년으로 하되 소모품이나 기타 외부적인 요인으로 인한 하자의 발생시 ""갑""과 ""을""이 상호 협의하여 해결한다.",13
37,"본 계약에 기재되지 아니한 사항이 발생하였을 때는 ""갑""과 ""을""이 상호 사회적 통념을 바탕으로 협의 결정한다.",0
38,공사의뢰인은 시공업체에게 계약체결시 도급금액 중 계약금 10%(\ )를 계약시 지급하고 공사착수금 45%(\ )를 공사착공시 지급하고 중도금 40%(\ )를 목공사마감시 지급하고 잔금 5%(\ )은 바닥공사 및 조명공사시 지급하기로 한다.,6
38,하자 보증 기간: 준공 일로부터 1년,13
38,시공업체는 상세도면 및 공사일정표를 작성하여 공사의뢰인의 승인을 얻은 후 착공을 진행하여야 합니다.,5
38,시공업체는 착공 후 수시로 공사의뢰인에게 공사진행 상황을 보고하고 확인 및 작업지시를 받아야 합니다.,5
38,시공업체는 착공 전 공사에 사용할 자재에 대하여 공사의뢰인의 검사를 받고 승인을 받아야 하며 도면에 지정된 사양과 상이하거나 품질이 저하되어 불합격 된 자재는 즉시 대체하여 다시 검사를 받아야 합니다.,10
38,전항의 검사에 이의가 있는 경우 시공업체는 재검사를 요구할 수 있습니다.,10
38,시공업체는 착공 전 책임기술자를 현장에 배치하고 그 중 1인을 자신의 현장대리인으로 선임한 후 공사의뢰인에게 통지하여야 합니다.,9
38,현장대리인은 공사기간중 공사현장에 상주하여 공사에 관한 일체의 사항에 대하여 시공업체를 대리하고 현장을 관리하여야 합니다.,9
38,시공업체의 귀책하유 없이 착공일 또는 완공일을 연기하여야 하는 경우 공사의뢰인과 시공업체는 협의하여 공사기간을 합리적인 범위 내에서 변경 할 수 있습니다.,4
38,시공업체가 정당한 사유 없이 기한 내 공사를 완료하지 못한 경우 공사의뢰인은 매 지체일 수 마다 (공사비용*3/1000) 에 해당하는 지체상금을 시공업체에게 청구할 수 있습니다.,7
38,도면내용이 공사현장 상태와 일치하지 아니하거나 불분명 누락 오류등의 문제가 발생하는 경우 또는 계획의 변경등으로 추가 시설물의 설치나 자체변경등이 필요한 경우 공사의뢰인과 시공업체는 협의하여 설계내용을 변경할 수 있습니다.,14
38,전항의 설계변경으로 인하여 공사량의 증감이 발생한 경우 공사의뢰인과 시공업체는 협의하여 공사비용 및 기간을 변경할 수 있습니다.,11
38,공사의뢰인의 변심에 의한 자재 사양 등 설계변경 요구에 대하여 시공업체는 공사일정등을 고려하여 이를 거부할 수 있습니다. 다만 공사의뢰인의 변심에 의한 설계변경 요구에 대하여 시공업체가 동의하는 경우 공사의뢰인은 추가설계비 및 인건비 등 추가금액 전액을 부담하여야 합니다.,11
38,시공업체는 자신의 중대한 귀책사유로 인한 계약조건 미숙지를 이유로 계약금액의 변경을 요구하거나 시공을 거부할 수 없습니다.,11
38,공사의뢰인은 목적물의 인도전이라도 시공업체의 동의를 얻어 공사 목적물의 전부 또는 일부를 사용할 수 있습니다.,0
38,공사의뢰인의 전항에 의한 사용으로 그 시공업체가 재시공을 해야하는 등의 손해가 발생할 경우 공사의뢰인은 그 손해를 배상하여야 합니다.,0
38,시공업체는 공사를 완료한 후 지체없이 공사의뢰인에 그 사실을 통지하며 공사의뢰인은 특별한 사정이 없는 한 통지를 받은 날로부터 2일 이내에 도면등의 기준으로 최종검사를 실시하고 시공업체에 동지하여야 합니다.,4
38,저항의 검사에 불합격한 경우 시공업체는 지체없이 이를 보수 또는 개조등을 하여 다시 검사를 받아야 합니다. 다만 재 검사를 위한 보수 또는 개조등에 상당한 시간이 소요될 것으로 예상되거나 보수 또는 개조등을 하여도 정상적으로 계약의 목적을 달성할 수 없다고 판단되는 경우 공사의뢰인은 계약을 해지하고 기성율을 기준으로 시공업체와 협의하여 대금정산을 할 수 있으며 시공업체는 공사의뢰인 또는 제 3자가 입은 손해를 배상하여야 합니다.,4
38,시공업체는 최종검사에 합격한 후 자신의 비용으로 잔여 건축자재 폐기물을 반출하는 등 공사현장을 정리한 경우에 한하여 공사대금을 청구할 수 있습니다.,18
38,시공업체가 정당한 사유없이 하자처리 또는 공사현장 정리를 지연하여 입주예정일이 연기된 경우 공사의뢰인은 시공업체 손해배상을 청구할 수 있습니다.,18
38,공사의뢰인은 최종검사 완료 후 사전 협의된 날짜에 공사비용을 계좌를 통하여 시공업체에 지급하여야 합니다.,6
38,시공업체는 자신의 귀책사유로 인하여 발생한 산업재해에 대한 책임을 공사의뢰인에게 전가할 수 없습니다.,16
38,시공업체는 공사로 인하여 민원이 발생하지 않도록 자신의 비용으로 신속하고 적절한 조치를 하여야하며 이를 태만히 하여 공사가 지연됨 으로서 완료일이 지연되는 경우 등 공사의뢰인 또는 손해가 발생한 경우 배상하여야 합니다.,16
38,시공업체의 계약위반 또는 불법행위로 인하여 공사의뢰인 및 기타 제 3 자에 손해가 발생한 경우 시공업체는 이에 대한 모든 책임을 부담합니다.,18
38,공사의뢰인은 다음과 같은 사항에 해당되는 경우 계약을 해제할 수 있습니다.,8
38,시공업체는 공사완료 된 날로부터 1 년간 무상으로 하자보수를 하여야 합니다. 단 소모품인 가구는 지정업체에서 무상지급합니다. 다만 각 호의 어느 하나에 해당하는 경우에는 그러지 아니합니다.,13
38,시공업체가 정당한 사유없이 하자보수를 지체하거나 하자내용이 생활에 상당한 영향을 미치는 것이어서 시공업체에게 하자보수를 요청할 여유가 없는 급박한 경우 등 정당한 사유가 있는 경우 공사의뢰인은 제 3 자에게 하자보수를 의뢰한 후 통상적인 소요비용 전액을 시공업체에게 청구할 수 있습니다.,13
38,본 계약서에 정하지 아니한 사항은 시공업체와 공사의뢰인이 협의하여 결정하되 시공업체는 본 공사계약의 달성을 위해 일차적 책임을 지고 필요한 조치를 취합니다.,0
40,발주자 :,4
40,소재지:,4
40,구조 및 용도:,4
40,면적 :,4
40,20 년6월23일 ~ 202/ 년 월~일까지,4
40,총공사액 : 일금일출산업이란만큼정 (₩10 326 )(부가세 별도),4
40,계약금 : 일금 1 202 8 % 원정 (w 4 032 ) 계약체결 시 10%,4
40,선금 : 일금 원정 (W ). 공사 시작 시 30%,4
40,중도금 : 일금 원정 (w ). 공사 50% 진행 시 40%,4
40,잔 금: 일금 원정 (w ) 완료 후 건물 인도 시 20%,4
40,공사금액은 별도 유첨된 시공내역서를 기본으로 하며 정산된 금액을 지불함을 원칙으로 한다.,4
40,을'은 인테리어 완공일로부터 1년 간 하자보수 책임을 부담한다.,13
40,제4조에 불구하고 다음 각 호의 경우에는 하자보수 책임을 지지 아니한다.,13
40,"""갑""이 일방적으로 계약을 해약할 시공사가 착수하기 전이라면 계약금을 반환하지 않으며 공사가 착수된 이후에는 시공된 부분에 상당한 금액을 지급하여야 한다.",8
40,"""을""이 공사착수 기간이 지났음에도 불구하고 7일 이내에 공사에 착수하지 않은 경우 ""갑""의 승인이 없는 한 ""을""의 책임있는 사유로 해약이 되는 경우로 제1항은 적용되지 않는다.",8
40,본 계약과 관련하여 양 당사자간의 분쟁이 발생한 경우 원칙적으로 '갑'과 '을' 상호 간의 합의에 의해 해결한다.,19
41,일금: 육천이백만원(₩62 000 000)정 부가세별도금액 (견적서 별첨),4
41,"공사 대금 지불방법은 아래와 같이 하고 ""갑""은 원활한 공사 진행을 위하여 상호 신뢰에 입각하여 대금 지불을 철저히 이행한다",4
41,"공사 시설물에 대한 일체의 권한은 공사완공까지 ""을""이 가지며 잔금 지불 후 ""갑""에게 이를 양도한다",0
41,"공사기간은 착공후일부터 30 일로 한다 (2020년 2 월 25 일 입주) 단 다음 각 호의 경우에는 공사기간을 ""갑""과 ""을""이 상호 협의하에 그 기간을 변경할 수 있다.",4
41,"""을""이 공사를 진행하는 중 ""갑""의 자재변경이나 수정 또는 재공사로 인한 초과금액은 :갑""이 ""을""에게 추가로 지불하여야 한다. ""을""은 견적서에 준한 자재를 ""갑""에게 계약후 시공전 제시를 하여야하며 ""갑""의 승인 후 시공에 임한다.",11
41,"공사완공은 ""갑""이 충분히 검토 확인 한 후 하자가 있을시엔 입주전 ""을""에게 수정 지시 시공토록 하며 ""갑""과""을""이 합의 하에 인수인계하여 입주를 할때에는 완공으로 인정한다.",4
41,"준공 후 시설물에 대한 하자 보수 기간은1년으로 하되 소모품이나 기타 외부적인 요인으로 인한 하자 발생시 ""갑""과 ""윤""이 상호 협의하여 절충한다",13
41,"본 계약에 기재되지 아니한 사항이 발생하였을 때는 ""갑""과 ""을""이 상호 사회적 통념을 바탕으로 협의 결정한다.",0
42,"""을""이 ""갑""에게 공급 및 설치를 함에 있어서 계약을 체결하고 이 계약을 성실히 준수하여 상호발전에 이바지함을 그 목적으로 한다.",1
42,공사명칭 : 실내 인테리어 공사,4
42,공사면적: 25평,4
42,공사장소 :,4
42,공사기간: 미정,4
42,공사범위 : (갑) 과(을) 대표자간 서면 계약 시 확정된 최종 견적서 상의 공사 내용에 한함,4
42,공급가액 16 940 000원 부가가치세 1 694 000원 총공사금액 18 634 000원,4
42,대금지불 방법,4
42,"""갑""은 공사 대금을 기일 내에 지불해야 하고 정당한 사유 없이 어떠한 이유로도 지연될 수 없다.",6
42,"""갑""은 공사대금을 기일 내에 지불하지 않을 경우 ""을""은 미지급금에 대한 지연이자는 지급일 다음날부터 완제일까지 월2%로 한다. (단 ""갑"" 과 ""을"" 상호 협의 하에 대금 지불일을 연기할 수 있고 상호 협의가 않 될 경우 ""을""은 공사를 중지할 수 있다)",7
42,"""을""은 공사 시설물에 대한 일체의 권한을 가지며 잔금 지급 후 ""갑"" ""에게 이를 양도한다.",0
42,"본 계약은 ""갑""이 본 계약서에 서명 날인함과 동시에 성립되며 ""갑""은 ""을""에게 계약금을 지불한다.",2
42,"""갑""은 부가세포함한 모든 공급금액을 지불한 후에 ""을""에게 현금영수증 또는 세금계산서를 발행하는 것을 원칙으로 한다.",0
42,"""갑""과 ""을""은 계약을 증명하기 위하여 계약서 2부를 날인/각인하여 각각 1부씩 보관한다.",0
42,"""갑""은 계약 당시 견적서 등 이외의 공사 진행중 또는 공사 완료 후 공사 변경 또는 추가 진행 내용에 대하여는 ""을""과 협의 하에 공사 일정을 조정하여야 하고 그에 해당하는 별도의 금액을 ""갑""은 ""을""에게 추가로 지불하여야 한다. 이때 발생되는 공사 진행 지연의 책임은 ""갑""에게 있다.",11
42,"""갑""의 책임이 있는 사유 또는 천재지변 불가항력의 사태등 ""을""의 책임이 아닌 사유로 공사수행이 지연되는 경우 ""을""은 공사기간 연장을 ""갑""에게 요구할 수 있다.",4
42,"""갑""과 ""을""은 쌍방 협의에 의하지 않고는 계약을 해지 할 수 없다. (단 쌍방 합의 한 후 본 계약서를 파본처리 하였을 때만 해지로 간주한다.)",8
42,"""갑""의 귀책사유로 인한 계약해지시 계약금과 지급완료 대금은 일체 반환하지 않는다.",8
42,"""갑""과 ""을""의 쌍방 협의 없이 일방적인 계약 파기시 ""갑""과 ""을""은 상호간에 손실금을 청구할 수 있다.",8
42,"""을""이 ""갑""에게 공급한 공사내용의 하자보증기간은 공사완료 후 1년으로 하고 무상처리되며 1년 이후의 하자는 유상으로 처리한다. 단 사용상의 부주의로 인한 하자 천재지변(화재 지진 수재 낙뢰 등)으로 인한 불량 발생 건은 보증 범위에 포함되지 않는다.",13
42,계약에 규정된 것을 제외하고는 계약 상에 발생하는문제에 관한 분쟁은 설치된 계약당사자가 조정 또는 중재기관의 쌍방의 합의하여 해결한다. 합의가 성립되지 못할 때에는 당사자의 관련법령에 의하여 설치된 조정 또는 중재기관의 조정 또는 중재에 의하여 해결할 수 있다.,19
43,을은 공사의 하자보수를 보증하기 위하여 계약서에서 정한 하자보수보증금율을 계약금액에 곱하여 산출한 금액을 준공 후 그 공사의 대가를 지급할 때까지 보증기관이 발생한 보증서를 갑에게 제출한다.,13
43,하자보수 기간은 준공 후 12개월 보증금율은 계약금액의 5% 이며 하자보수 제외품목 및 공정은 아래와 같다.,13
43,"도급 금액은 일금사천구백이십만원정 (\ 49 200 000) (부가세별도) 이며 공정 및 품목에 따라 작아지거나 더해질 수 있다. 도급금액은 실제 공사 완료 시점에 정확한 금액이 산출되며 공사비 증감은 충분한 사전고지를 기본으로 하며 증감금액에 대하여 ""갑""과 ""을""간의 서면 조율을 원칙으로 한다.",4
43,"본 공사에 들어가는 모든 제반 비용은 ""갑""이 ""을""에게 공사 진행상황에 따라 분할 지급하여 지불하며 지급시기는 첨부한 '인테리어 대금지급 약정서'상 지급기한을 기준으로 하며 잔금지급일은 준공 완료 후 영업개시 일 이전으로 한다",4
43,"갑'이 정당한 사유 없이 기성금 지급을 지연하는 경우 미지급 기성에 대해서는 지급예정일 익일부터 0.1%/일의 지연이자를 가산한 금액을 포함하여 ""을""에게 지급하여야 한다. 공사비는 지연이자 도급공사비(원금) 순서로 지급충당하기로 한다.",4
43,공사 기간 및 범위는 '을'이 제공한 견적서에 기재된 공시기간과 공사범위를 기준으로 한다.,4
43,을'은 계약서에 정한 공사기간을 지켜야 한다. 단 다음 각 호에 해당하는 사유로 인하여 공사가 지연되는 경우에는 공기를 연장할 수 있다.,4
43,을'은 착공 전에 현장 대리인을 임명하여 이를 '갑'에게 통지하여야 한다. 현장 대리인은 공사현장에 상주 하여야 하며 시공에 관한 일체의 사항에 대하여 '을'을 대리한다.,9
43,갑'이 설계변경 등에 의하여 공사내용을 변경 추가하거나 공사의 전부 또는 일부에 대한 시공을 일시 중지할 경우에 '갑'은 '을'에게 서면으로 동의 요청 하여야 하며 '을'은 '갑'에게 도급 받은 공사 내용의 변경 추가에 관한 사항을 서면으로 통지하여 확인을 요청하여야 한다.,11
43,'갑'의 요청에 의해 설계변경을 진행 중 8조의 각 항을 준수 하지 않을시 '을'은 설계변경을 거부하거나 공사의 전부 또는 일부에 대한 시공을 일시 중지 할수 있다.,8
43,'을'은 공사비 지급 지연을 이유로 시공을 일시 중지 할 경우 '을'은 갑에게 서면으로 통지 하여야 하며 지급 지연일 이후 7일 이내 통지한 날 3일 이내에 공사를 중지할 수 있다,7
43,당초 '갑'과 '을'간 체결한 설계 및 견적내용에 준하여 공사시행 중 '갑'의 필요한 요구에 의해 설계 변경시에는 아래 항을 기준으로 진행한다.,11
43,증축 개죽 용도변경 대수선신고 미관심의 등 모든 법규상 인허가 사항 발생시 '을'은 '갑'의 요청이 있을시 건축사 선정에 대한 자문업무까지만 대행한다,0
43,인 허가로 관련된 문제에 대하여 '을'은 일체의 책임을 지지 않는다.,0
43,하도급 업체의 선정은 '을'의 고유 권한이다. 단 '갑'의 추천에 의한 업체 선정 요청시 '을'은 견적 비교 검토등을 통한 정당한 절차를 거쳐 하도급 업체 선정을 검토한다. '갑'의 요청으로 '을'의 선정 기준을 충족시키지 못한 하도급 업체와 계약을 체결해야 할 경우 '을'은 해당 공정의 하자보수에 대하여 책임을 지지 않으며 이로 인한 공기 및 비용의 증가에 대해서도 책임지지 않는다.,13
43,갑'은 현장의 원활한 공정 진행을 위해 을 에게 해당 공정 착공 3주 이전에 업체 변경 통보를 하여야 한다.,0
43,갑'의 귀책로 해지하는 경우 '을'이 본 공사를 위하여 제작한 자재 및 제반 부대비용에 대한 손해는 '갑'이 배상하여야 한다.,19
43,갑'은 다음 각호에 해당 하는 경우에는 계약의 전부 또는 일부를 해제 또는 해지 할수 있다.,8
43,을'은 다음 각호에 해당하는 경우에는 계약의 전부 또는 일부를 해제 또는 해지 할 수 있다.,8
43,갑'은 '을'이 시공한 공사대금을 완공 즉시 완불하는 의무이행은 물론 공사대금을 '을'에게 완불하기 전에는 건물신축이나 수리계약상의 권리를 타인에게 양도 매매 또는 설정행위를 하지 못한다.,0
43,"설계도서의 저작권은 '을'에게 있으며 본 공사 이외의 사용모방을 할수 없다. 갑'은 제 3자에게 저작권 등을 사용하게 할 수 없다. '갑'은 이 계약 도중은 물론 계약의 만료 및 계약의 해제 또는 해지 후에도 ""을""의 저작권 등에 자신의 기술을 추가하여 시공한 목적물 및 그 시공방법에 대하여 저작권 등을 획들할 수 없다. 이를 위반하여 손해가 '을'에게 발생하는 경우 '갑'은 상대방에게 손해를 배상하여야 한다.",0
43,을' 은 가맹점 개설을 위한 인테리어 설계도면을 아래와 같이 '갑'에게 출력본으로 제공한다.,0
43,1항 이외의 추가 설계도면 요청시에는 '갑'은 '을'에게 별도의 금액을 지불하여야 하며 기간은 증가된다.,0
43,을은 '을'의 디자인 매뉴얼이 정한 바에 의하여 시설물이 설계도서의 내용대로 시공되는지의 여부를 확인한다.,9
43,당해 공사가 '을'과 협의없이 '갑'의 귀책사유로 설계도서대로 시행되지 아니하거나 디자인 매뉴얼 및 지정자재 사용에 위반된 사항을 발견한 경우에는 을은 이를 갑에게 통보한 후 시정 또는 재시공하도록 요청한다.,9
43,갑'은 '을'의 지도 및 권고조치 및 시정조치에 따르지 않거나 소홀히 하여 발생되는 모든 문제에 대하여 '을'은 일체이 책임이 없다.,9
43,을'은 다음 각호의 경우에 대하여 현장에서 5회 설계 확인지도를 실시한다.,0
43,공사완공은 '갑'이 충분히 검토 확인한 후 하자가 있을 시 개업 전 '을'에게 수정 지시 시공토록 하며 개업을 할 때 에는 완공으로 인정한다.,14
43,본 계약에 기재되지 아니한 사항이 발생하였을 때는 '갑'과 '을'이 상호 사회적 통념을 바탕으로 협의 결정한다. 단 합의가 성립되지 못할 때에는 부산지방법원을 전속적 합의관할로 한다.,20
43,갑'은 공사에 관련된 사진 동영상 등의 저작권 및 광고활용을 위한 사용권한이 '을'에게 있음을 동의한다.,0
43,"· ""갑""의 대금지급이 약정된 기일 내 입금되지 않을 시 ""을""은 공사를 중단할 수 있으며 이에 따른 공사기간 지연 및 공사비용 상승 분은 ""갑""이 책임진다.",7
43,"갑이 약정된 지급일에 대금지급을 했음에도 ""을""이 원활한 공사를 진행하지 않을 시 ""갑""은 대금지급 중지 및 계약해지 요구 손해배상 청구 등 모든 권한을 행사 할 수 있다.",7
43,"을은 도급계약에 따른 모든 공사를 완료 시 ""갑""에게 하도급 대금의 잔금을 지급하기 위한 최종 도급금액 잔금을 청구할 수 있으며 잔금 지급일이 미루어질 시 영업 개시일자가 연기될 수 있으며 이로 인한 책임은 ""갑""이 부담한다.",7
43,"을은 ""갑""에게 현재 공사진행상황에 대한 이해를 돕기 위해 사진 및 자료를 제공하여야 한다.",4
43,"을은 부가세를 별도 금액으로 견적 및 계약을 진행하므로 ""갑""은 부가세 별도 금액을 지급해야 한다. (공사 완료 후 ""갑""의 부가세환금에 필요한 자료는 ""을""이 성실히 준비한다.)",4
43,주1회 현장 진행사항 확인서 및 추가부분으로 인한 견적변경에 대한 합의서 날인을 거부할 시 공사를 중단할 수 있다.,0
45,공사세부내용은 아래와 같다.,4
45,"공사 대금 지불방법은 아래와 같이 하고 ""갑""은 원활한 공사 진행과 공사 시 한의 준수를 위하여 상호 신뢰에 입각하여 대금 지불을 철저히 이행한다.",4
45,"공사 시설물에 대한 일체의 권한은 준공승인 까지 ""을""이 가지며 잔금지불 후 ""갑""에게 이를 양도한다.",0
45,"공사(설계)기간은 20 년 월 일부터 20 년 월 일 까지 일간으로 한다. 단 다음 각 호의 경우에는 공사(설계)기간을 ""갑""과 ""을""의 상호 협의 하에 그 기간을 변경할 수 있다.",4
45,"공사에 따른 설계는 ""갑""과 ""을""이 긴밀히 협의하여 결정하고 설계제작은 ""갑""이 ""을""에게 위촉한다.",0
45,"""을""이 공사를 진행하는 중 관계법규의 개정이나 ""갑""의 설계변경으로 인한 수정 또는 재공사로 인한 초과금액은 ""갑""이 ""을""에게 추가로 지불하여야 한다.",11
45,"""을""은 ""을""이 작성한 설계도에 의해 공사를 진행하며 설계상의 착오로 인하여 공사진행 중 문제점이 발생하였을 때 ""을""은 지체없이 이를 해결해야 한다.",14
45,"""갑""은 ""을""에게 다음 각 호의 경우에는 실제 소요경비를 별도로 우선 지급하여야 한다.",0
45,"""을""은 ""갑""에게 완성된 설계도 1부를 작성하여 계약기간 내에 납품하여야 한다.",0
45,"설계도서의 저작권은 ""을""에게 있으며 본 공사 이외의 사용모방을 할 수 없다.",0
45,"""갑""은 공사(설계)중 전부 또는 일부의 공사 및 설계를 중단해야 할 사유가 발생하더라도 이미 진행된 부분에 대한 보수는 ""갑""과 ""을""이 협의하여 ""갑""이 ""을""에게 지불하여야 한다.",0
45,"""을""이 정당한 사유없이 공사(설계)업무를 지연시켰을 때에는 공사(설계)금액에 대하여 매 일 마다 ○%에 해당하는 지체상금을 ""갑""에게 지불하여야 한다.",7
45,"본 계약에 의해 발생하는 권리이행은 상호간의 승낙없이 제3자에게 이양 또는 해지할 수 없다. 단 ""갑""과 ""을""중 한쪽이 공히 고의적으로 계약이행을 태만히 하거나 객관적으로 판단하여 계약진행의 효력이 없어졌다고 인정되었을 때는 상대방에게 문서로 중지한 후 통지 일로부터 30일 이내 협의가 이루어지지 않을 때에는 일방적으로 계약을 해지할 수 있다.",12
45,"공사완공은 ""갑""이 충분히 검토 확인한 후 하자가 있을 시엔 개업 전 ""을""에게 수정 지시 시공토록 하며 ""갑""과 ""을""이 합의 하에 인수인계 하여 개업을 할 때에는 완공으로 인정한다.",14
45,"준공 후 시설물에 대한 하자 보수 기간은 1년으로 하되 소모품이나 기타 외부적인 요인으로 인한 하자의 발생시 ""갑""과 ""을""이 상호 협의하여 절충한다.",13
45,"본 계약에 기재되지 아니한 사항이 발생하였을 때는 ""갑""과 ""을""이 상호 사회적 통념을 바탕으로 협의 결정한다.",0
46,공 사 명 : ○○ 리조트 ○○매점 인테리어공사,4
46,공사장소 : ○○도 ○○시 ○○동 ○○설악 ○○리조트내,4
46,공사기간,4
46,계약금액 : 일금 원정 (\ ),4
46,대금의 지급,4
46,하자담보 책임기간 : 준공검사 후 목적물을 “갑”에서 인수한 날로부터 2년,13
46,하자보수 보증금율 : ○%,13
46,지체상금율 : ○%,7
46,"""을""은 본 계약의 이행보증을 위하여 계약체결 전까지 총 계약 금액의 10%에 해당하는 금액을 현금 또는 다음 각호의 증서로서 ""갑""에게 납부하여야 한다.",0
46,"""갑""은 자신을 대리하여 다음 각호의 사항을 행하는 자 (이하 ""공사감독원""이라 한다)를 선임할 수 있다.",0
46,"""갑""은 제1항의 규정에 의하여 공사감독원을 선임할 때에는 그 사실을 즉시 ""을""에게 통지하여야 한다.",0
46,"""을""은 공사감독원의 감독 또는 지시사항이 공사수행에 현저히 부당하다고 인정할 때에는 ""갑""에게 그 사유를 명시하여 필요한 조치를 요구할 수 있다.",0
46,"""을""은 착공 전에 현장대리인 임명하여 이를 ""갑""에게 통지하여야 한다.",9
46,"현장대리인은 공사현장에 상주하여야 하며 시공에 관한 일체의 사항에 대하여 ""을""을 대리한다.",9
46,"공사에 사용할 재료중에서 ""갑""이 품목을 지정하여 검사를 요구하는 경우에는 ""을""은 사용 전에 ""갑""의 검사를 받아야 하며 설계도서와 상이하거나 품질이 현저히 저하되어 불합격된 재료는 ""갑""과 협의하여 다시 검사를 받아야 한다.",10
46,"""을""은 재료의 검사에 소요되는 비용을 부담하여야 하며 검사 또는 재검사 등을 이유로 계약기간의 연장을 요구할 수 없다.",10
46,"공사에 사용하는 재료중 조립 또는 시험을 요하는 것은 ""갑""의 입회하에 그 조립 또는 시험을 하여야 한다.",10
46,"""을""은 산업재해를 예방하기 위하여 안전시설의 설치 및 보험의 가입 등 적절한 조치를 하여야 한다.",16
46,"공사현장에서 발생한 산업재해에 대한 책임은 ""을""에게 있다.",16
46,"""갑""의 책임있는 사유 또는 천재지변 불가항력의 사태 등 ""을""의 책임이 아닌 사유로 공사수행이 지연되는 경우 ""을""은 공사기간의 연장을 ""갑""에게 요구할 수 있다.",4
46,"""갑""은 ""을""이 시공한 공사중 설계도서에 적합하지 아니한 부분이 있을 때에는 이의 시정을 요구할 수 있으며 ""을""은 지체없이 이에 응하여야 한다.",14
46,"계약서에 기성부분급에 관하여 명시한 때에는 ""을""은 이에 따라 기성부분에 대한 검사를 요청할 수 있으며 이때 ""갑""은 지체없이 검사를 하여야 한다.",0
46,"""을""은 공사를 완성한 때에는 ""갑""에게 통지하여야 하며 ""갑""은 통지를 받은 후 지체없이 ""을""의 입회하에 검사를 하여야 한다.",5
46,"""을""은 제1항의 검사에 합격하지 못한 때에는 지체없이 이를 보수 또는 개조하여 다시 검사를 받아야 한다.",5
46,"""을""은 검사의 결과에 가 있을 때에는 재검사를 요구할 수 있으며 ""갑""은 이에 응하여야 한다.",5
46,"""을""은 ""갑""의 준공검사에 합격한 후 즉시 잉여자재 폐물 가설물 등을 철거 반출하는 등 공사현장을 정리하고 공사대금의 지급을 ""갑""에게 청구할 수 있다.",0
46,"""갑""은 다음 각 호의 경우 하도급자에게 하도급대금을 직접 지급할 수 있다.",0
46,"""을""은 준공기한 내에 공사를 완성하지 아니한 때에는 매 지체일수마다 지체상금율을 계약금액에 곱하여 산출한 금액【 이하 ""지체상금""이라 한다】을 ""갑""에게 납부하여야 한다. 단 천재지변 기타불가항력 등 ""을""의 책임으로 돌릴 수 없는 사유로 지체된 경웨는 그러하지 아니하다.",7
46,"""갑""은 ""을""에게 지급하여야 할 공사대금에서 지체상금을 공제할 수 있다.",7
46,"""을""은 계약서에 정한 하자보수보증금율을 계약금액에 곱하여 산출한 금액 (이하 ""하자보수보증금""이라 한다)을 준공검사 후 그 공사의 대가를 지급할 때까지 현금 또는 다음 각 호의 증서로서 ""갑""에게 납부하여야 한다.",0
46,"""을""은 준공검사를 마친 날로부터 계약서에 정한 하자담보책임기간중 당해 공사에 발생하는 일체의 하자를 보수하여야 한다. 단 공사목적물의 인도 후에 천재지변 등 불가항력이나 ""을""의 책임이 아닌 사유로 인하여 발생한 것일 때에는 그러하지 아니하다.",13
46,"""을""이 ""갑""으로부터 제2항의 규정에 의한 하자보수의 요구를 받고 이에 응하지 아니하는 경우 ""갑""은 ""을""의 부담으로 직접 하자보수를 행할 수 있다. 이때 발생하는 비용은 하자보수보증금으로 우선 충당하며 부족액이 있는 경우에는 ""을""에게 이를 청구할 수 있다.",13
46,"제1항의 규정에 의한 하자보수보증금은 하자담보 책임기간이 종료한 후 ""을""의 청구에 의하여 반환한다. 단 제3항의 규정에 의하여 ""갑""이 직접 이행한 하자보수비용은 공제한다.",13
46,"""갑""의 다음 각 호의 1에 해당하는 경우에는 계약의 전부 또는 일부를 해제 또는 해지 할 수 있다.",8
46,"제1항의 규정에 의한 계약의 해제 또는 해지는 그 이유를 명시하여 ""을""에게 통지함으로써 효력이 발생한다.",8
46,"제14조의 규정에 의하여 계약이 해지된 때에는 ""갑""과 ""을""은 지체없이 기성부분의 공사금액을 정산하여야 하며 계약의 해제 또는 해지로 인하여 ""갑""에게 손해가 발생한 때에는 ""을""이 배상하여야 한다.",18
46,이 계약에 의하여 발생하는 권리 또는 의무는 제3자에게 양도하거나 위임할 수 없다. 단 상대방의 서면승낙이 있을 경우에는 그러하지 아니하다.,12
46,"""갑""과 ""을""은 이 공사의 시공 및 계약의 이행에 있어서 건설산업기본법 등 관계법령의 제규정을 준수한다.",19
46,계약에 별도로 규정된 것을 제외하고는 계약서에 발생하는 문제에 관한 분쟁은 계약당사자가 쌍방의 합의에 의하여 해결한다.,19
46,제1항의 합의가 성립되지 못할 때에는 당사자는 건설산업기본법 제69조의 규정에 의하여 설치된 건설분쟁조정위원회에 분쟁의 조정을 신청하고 동 위원회의 조정에 따른다,19
46,상기 계약 일반사항 이외에 아래 내용을 특약사항으로 정하며 일반사항과 특약사항이 상충되는 경우에는 특약사항을 우선하여 적용하도록 한다.,0
47,“갑”은 “을”에게 (주)○○의 브랜드 공사권을 부여하며 “을”은 “갑”의 공사권자으로서 “갑”의 영업방침을 준수하여 “갑”이 도급한 공사에 성실히 이행함을 본 계약의 목적으로 한다.,1
47,용어의 정의는 아래와 같다.,0
47,“갑”은 성공적인 사업추진을 위하여 노래방 인테리어 공사를 복수사업자로 구성하되 “을”의 수익성을 보장 할수 있도록 “갑”은 도급량에 준하여 사업자를 구성하고 “을”은 공사의 품질보장을 위하여 제3자에게 하도급을 할 수 없다.,0
47,“갑”은 공사권을 보장하고 “을”은 성실한 공사를 위하여 도급 공탁금 ○○○원을 계약과 동시에 전액 현금으로 지불한다.,0
47,“갑”은 수령한 도급공탁금을 도급한 총 공사 대금에서 매건당 공사검수 완료 후 “을”에게 일정액(○○○원정 ○%)으로 공탁금을 변제한다.(공탁금 총액은 매건당 차감된다),0
47,본 계약은 공탁금이 차감되어 소멸시 계약이 완료되며 재계약의 여부는 상호 협의를 통하여 결정한다.,4
47,“을”은 “갑”이 제시한 표준가격을 준수하며 예외가 있을시에는 “갑”과 “을”이 합의하여 결정한다.,4
47,관리 및 시공원칙은 아래와 같다.,0
47,인테리어 디자인은 “갑”이 요구한 기본사양으로 한다.,0
47,“을”은 간판 및 사인물을 시공하며 “갑”의 디자인으로 시공한다. (단 간판및사인물 비품은 “갑”이 지정한 공급자와 협의하여 시공한다),0
47,점주의 특별요구가 있을시 별도 협의 한다.,0
47,공사대금의 지불 방법은 아래와 같다. “갑”은 공사계약시 “을”에게 계약금 40% 중도금 30% 완료시 잔금 30%를 지급한다.,4
47,“갑”과 “을”은 다음 각 호에 해당하는 경우 기한의 이익을 상실하고 금전적 또는 전반적 피해의 제반 문제를 책임지고 배상하여야 한다.,18
47,“을”은 “갑”의 요청시 사후관리를 조속히 하자에 대한 보수를 실행한다.,13
47,“을”은 공사에 관한 다음사항을 사전 점검하고 허가 완료토록 한다.,0
47,본 계약에 관한 일체의 소송 및 조정에 대하여서는 “갑”의 주소지 관할 법원으로 한다.,20
47,본 계약서에 명시되지 아니한 사항에 대해서는 일반 상관례에 따르며 계약사항의 해석에 차이가 발생할 때에는 “갑”과 “을”이 상호 원만하게 합의하여 결정한다.,0
47,상기 계약 일반사항 이외에 아래 내용을 특약사항으로 정하며 일반사항과 특약사항이 상충되는 경우에는 특약사항을 우선하여 적용하도록 한다.,0
50,공 사 명 :,4
50,현장위치 :,4
50,공사기간 :,4
50,계약금액,4
50,기성부분급의 지급시기 및 방법 :,4
50,잔금의 지급시기 및 방법 :,4
50,하자담보책임기간 : 준공일로부터 2년간,13
50,하자보수보증금율 : 도급액의 3/100,13
50,지체상금율 : 도급액의 3/1000,7
50,"""갑""과 ""을""은 계약상의 의무이행을 보증하기 위해 계약보증금을 계약 체결 전까지 상호 교부하도록 하되 계약보증금액이 계약금액에서 차지하는 비율은 갑을 상호간에 협의하여 정한다.",0
50,제1항의 계약보증금은 당사자의 협의에 따라 제24조 1항 각 호의 보증기관이 발행한 보증서로 갈음할 수 있다.,0
50,이 계약에 관하여 보증인을 세우는 경우에 그 보증인은 당사자의 계약불이행으로 인한 손해에 대하여 당사자와 연대하여 책임을 진다.,0
50,"""갑""은 자신을 대리하여 다음 각 호의 사항을 행하는 자 (이""공사감독원 ""이라 한다)를 선임할 수 있다.",0
50,"""갑""은 제1항의 규정에 의하여 공사감독원을 선임한 때에는 그 사실을 즉시 ""을""에게 통지하여야 한다.",0
50,"""을""은 공사감독원의 감독 또는 지시사항이 공사수행에 현저히 부당하다고 인정할 때에는 ""갑""에게 그 사유를 명시하여 필요한 조치를 요구할 수 있다.",0
50,"""을""은 착공 전에 현장대리인을 임명하여 이를 ""갑""에게 통지하여야 한다.",9
50,"현장대리인은 공사현장에 상주하여야 하며 시공에 관한 일체의 사항에 대하여 ""은""은 대리한다.",9
50,"""갑""은 제1항의 규정에 의하여 임명된 현장대리인이 신체의 허약 시공능력 부족 등으로 인하여 업무수행의 능력이 없다고 인정할 때에는 ""을""에게 현장 대리인의 교체를 요청할 수 있으며 이 경우에 ""을""은 정당한 사유가 없는 한 이에 응하여야 한다.",9
50,"""을""은 계약체결 후 착공신고서 제출 시까지도 설계도서(설계도면. 공사시방서 등 건축법 제2조제14호의 규정에 의한 설계도서와 현장설명서를 말한다. 이와 같다)를 기초로 작성한 공사예정 공정표와 내역서를 ""갑""에게 제출하여야 한다.",4
50,"제1항의 규정에 불구하고 총액단가 계약과 같이 공사물량이 기재된 산출내역서를 제시하고 이에 따라 계약금액을 정한 경우에는 동 산출내역서는 제1항의 설계도서에 포함되며 이 경우 ""을""은 착공신고서 제출 시까지 공사예정 공정표를 ""갑""에게 제출하여야 한다.",4
50,"""갑""이 선금을 지급한 경우 ""을""은 이를 도급목적 외에 사용할 수 없으며 노임지급 및 자재확보에 우선 사용하여야 한다.",4
50,선금은 기성부분의 대가를 지급할 때에는 다음과 같은 방법으로 정산한다.,4
50,"공사에 사용할 재료 중에서 ""갑""이 품목을 지정하여 검사를 요구하는 경우에는 ""을""은 사용 전에 ""갑""의 검사를 받아야 하며 설계도서와 상이하거나 품질이 현저히 저하되어 불합격된 재료는 즉시 대품으로 대체하여 다시 검사를 받아야 한다.",10
50,"""을""은 제1항의 재료 검사에 소요되는 비용을 부담하여야 하며 검사 또는 재검사 등을 이유로 계약기간의 연장을 요구할 수 없다.",10
50,공사에 사용하는 재료중 조립 또는 시험을 요하는 것은 갑의 입회 하에 그 조립 또는 시험을 하여야 한다.,10
50,"수중 또는 지하에서 행하여지는 공사나 준공후 외부에서 확인할 수 없는 공사는 ""갑""의 입회 하에 시공하여야 한다.",10
50,"계약에 의하여 ""갑""이 지급하는 재료와 대여 품은 공사예정공정표에 의한 공사일정에 지장이 없도록 적기에 인도되어야 하며 그 인도장소는 시방서 등에 따로 정한 바가 없으면 공사현장으로 한다.",0
50,"""을""은 지급재료 및 대여 품의 품질 또는 규격이 시공에 적당하지 아니하다고 인정할 때에는 즉시 ""갑""에게 이를 통지하고 그 대체를 요구할 수 있다.",0
50,"재료지급의 지연으로 공사가 지연될 우려가 있을 때에는 ""을""은 ""갑""의 서면 승낙을 얻어 자기가 보유한 재료를 대체 사용할 수 있다. 이 경우 ""갑""은 현품 또는 사용당시 가격을 지체없이 ""을""에게 지급하여야 한다.",0
50,"""을""은 ""갑""이 지급한 재료와 기계기구 등 대여 품을 선량한 관리자의 주의로 관리하여야 하며 계약의 목적을 수행하는 데에만 사용하여야 한다.",0
50,"""을""은 공사내용의 변경으로 인하여 필요 없게 된 지급재료 또는 사용 완료된 대여 품을 지체 없이 ""갑""에게 반환하여야 한다.",0
50,"""을""은 건축법 제19조의2 제4항에 따라 공사감리자로부터 상세시공도면의 작성을 요청 받은 경우에는 상세시공도면을 작성하여 공사감리자의 확인을 받아야 하며 이에 따라 공사를 하여야 한다.",4
50,"""갑"" 은 상세시공도면의 작성범위에 관한 사항을 설계자 및 공사감리자의 의견과 공사의 특성을 감안하여 계약서상의 시방에 명시하고 상세시공도면의 작성비용을 공사비에 반영한다.",4
50,"""을""은 산업재해를 예방하기 위하여 안전시설의 설치 및 보험의 가입 등 적정한 조치를 하여야 한다. 이때 ""갑""은 계약금액에 안전관리비 및 보험료 상당액을 계상하여야 한다.",16
50,"공사현장에서 발생한 산업재해에 대한 책임은 ""을""에게 있다. 다만 설계상의 하자 또는 ""갑""의 요구에 의한 작업으로 인한 재해에 대하여는 그러하지 아니한다.",17
50,"""을""은 재해방지를 위하여 특히 필요하다고 인정될 때에는 미리 긴급조치를 취하고 즉시 이를 ""갑""에게 통지하여야 한다.",17
50,"""갑""은 재해방지 기타 공사의 시공상 긴급 부득이하다고 인정할 때에는 ""을""에게 긴급조치를 요구할 수 있다.",17
50,제1항 및 제2항의 응급조치에 소요된 경비에 대하여는 제14조 제2항의 규정을 준용한다.,17
50,"""갑""의 책임 있는 사유 또는 천재지변 불가항력의 사태등 ""을""의 책임이 아닌 사유로 공사수행이 지연되는 경우 ""을""은 공사기간 연장을 ""갑""에게 요구할 수 있다.",4
50,제1항의 규정에 의거 공사기간이 연장되는 경우 이에 따르는 현장관리비등 추가경비는 제18조의 규정을 적용하여 조정한다.,4
50,"""갑""은 ""을""이 시공한 공사중 설계도서에 적합하지 아니한 부분이 있을 때에는 이의 시정을 요구할 수 있으며 ""을""은 지체없이 이에 응하여야 한다.",14
50,"제1항의 경우 설계도서에 적합하지 아니한 공사가 ""갑""의 요구 또는 지시에 의하거나 기타 ""을""의 책임으로 돌릴 수 없는 사유로 인 한때에는 ""을""은 그 책임을 지지 아니한다.",14
50,"""을""은 검사를 마친 기성부분 또는 대여품에 대하여 천재지변 기타 불가항력에 의한 손해가 발생한 때에는 즉시 그 사실을 ""갑""에게 통지하여야 한다.",15
50,"""갑""은 제1항의 통지를 받은 경우 즉시 그 사실을 조사 확인하고 그 손해의 보전에 관하여 ""을""과 협의하여야 한다.",15
50,설계서의 내용이 공사현장의 상태와 일체하지 않거나 불분명 누락 오류가 있을 때 또는 시공에 관하여 예기하지 못한 상태가 발생되거나 사업계획이 변경된 때에는 설계를 변경한다.,11
50,제1항의 설계변경으로 인하여 공사 량의 증감이 발생한 때에는 다음 각 호의 기준에의 하여 계약금액을 조정한다.,11
50,계약체결 후 120일 이상 경과한 경우에 잔여공사에 대하여 공사가격 내역 서에 포함되어 있는 품목 또는 비목의 가격 등의 변동으로 인한 등락 액이 잔여공사에 해당하는 계약금액의 100분의 5이상인 때에는 계약금액을 조정한다.,4
50,"제1항의 규정에 의한 계약금액의 조정은 공사예정공사표상으로 물가변동이 있는 날 이후에 이행되어야 하는 부분의 대가에 적용하되 물가변동이 있은 날 이전에 이미 계약이행이 완료되어야 할 부분에 대하여는 적용하지 아니하다. 다만 ""갑""의 책임이 있는 사유 또는 천재지변등 불가항력으로 인하여 지연된 경우에는 그러하지 아니하다.",4
50,제16조 및 제17조에 의한 경우이외에 계약내용의 변경으로 계약금액을 조정하여야 할 필요가 있는 경우에는 그 변경된 내용에 따라 계약금액을 조정하며 이 경우 제16조 제2항 제3호를 준용한다.,2
50,"계약서에 기성부분급에 관하여 명시한 때에는""을""은 이에 따라 기성부분에 대한 검사를 요청할 수 있으며 이대 ""갑""은 지체 업이 검사를 하여야 한다.",4
50,"""을""은 제1항의 검사 구할 수 있으며 ""갑""은 계약서에 명시한 바에 따라 지급하여야 한다.",4
50,"""갑""이 제2항의 규정에 의한 기성급액의 지급을 지연하는 경우에는 제22조 제4항의 규정을 준용한다.",7
50,"""갑""은 공사목적물의 인도전이라 하더라도 ""을""의 동의를 얻어 공사목적물의 전부 또는 일부를 사용할 수 있다.",0
50,"제1항의 경우 ""갑""은 그 사용부분을 선량한 관리자의 주의로써 사용한다.",0
50,"""갑""은 제1항에 의한 사용으로 ""을""에게 손해가 있거나 ""을""의 비용을 증가하게 한 때는 그 손해를 배상하거나 증가된 비용을 부담한다.",0
50,"""을""은 공사를 완성한 때에는 ""갑""에게 통지하여야 하며 ""갑""은 통지를 받은 후 지체없이 ""을""의 입회 하에 검사를 하여야 한다.",5
50,"""을""은 제1항의 검사에 합격하지 못한 때에는 지체없이 이를 보수 또는 개조하여 다시 검사를 받아야 한다.",5
50,"""을""은 검사의 결과에 이의가 있을 때에는 재검사를 요구할 수 있으며 ""갑""은 이에 응하여야 한다.",5
50,"""을""은 ""갑""의 준공검사에 합격한 후 즉시 잉여자재 폐물 가설물 등을 철거 반출하는 등 공사현장을 정리하고 공사대금의 지급을 ""갑""에게 청구할 수 있다.",6
50,"""갑""은 특약이 없는 한 계약의 목적물을 인도 받음과 동시에 공사대금을 지급하여야 한다.",6
50,"""갑""이 공사대금을 어음으로 지급하는 경우 그 어음은 금융기관에서 할인이 가능한 것에 한하며 공사대금 지급기일로부터 어음만기일까지의 할인료는 어음을 교부하는 날 ""을""에게 지급하여야 한다.",0
50,"""갑""은 공사대금을 지급기한내에 지급하지 못하는 경우에는 그 미지급금액에 대하여 지급기한의 다음날부터 지급하는 날까지의 일수에 시중은행의 일반 대출시 적용되는 연체이자율을 적용하여 산출한 이자를 지급하여야 한다.",7
50,"""을""은 계약서에 정한 하자보수 보증금 율을 계약금액에 곱하여 산출한 금액(이하 ""하자보수보증금""이라 한다)을 준공검사 후 그 공사의 대가를 지급할 때까지 현금 또는 다음 각 호의 증거로서 ""갑""에게 납부하여야한다.",13
50,"""을""은 준공검사를 마친 날로 부터 계약서에 정한 하자담보 책임기간중 당해 공사에 발생하는 일체의 하자를 보수하여야 한다. 다만 공사목적물의 인도 후에 천재지변등 불가항력이나 ""을""의 책임이 아닌 사유로 인하여 발생한 것일 때에는그러하지 아니하다.",13
50,"""을""이 ""갑""으로부터 제2항의 규정에 의한 하자보수의 요구를 받고 이에 응하지 아니하는 경우 ""갑""은 ""을""의 부담으로 직접 하자보수를 행할 수 있다. 이때 발생하는 비용은 하자보수 보증금으로 우선 충당하며 부족액이 있는 경우에는 ""을""에게 이를 청구할 수 있다.",13
50,"제1항의 규정에 의한 하자보수 보증금은 하자담보 책임기간이 종료한 후 ""을""의 청구에 의하여 반환한다. 다만 제3항의 규정에 의하여 ""갑""이 직접 이행한 하자보수 비용은 공제한다.",13
50,"""을""은 계약된 공사의 일부를 제3자에게 하도급 하고자 할 때에는 ""갑""의 서면승인을 받아야 한다. 다만 건설업법의 규정에 의하여 전문공사를 당해 전문공사업자에게 하도급하는 경우에는 ""갑""에 대한 통지로 갈음할 수 있다.",0
50,"""갑""은 제1항의 규정에 의해 통보된 하도급업자가 부적당하다고 인정될 때에는 ""을""에 대하여 하도급자의 교체를 요구할 수 있다. 이 경우 ""을""은 특별한 사유가 없는 한 하도급자를 교체하여야 한다.",0
50,"""갑""은 다음 각 호의 1에 해당하는 경우에는 계약의 전부 또는 일부를 해제 또는 해지할 수 있다.",8
50,"제1항의 규정에 의한 계약의 해제 또는 해지는 그 이유를 명시하여 ""을"" 에게 통지함으로써 효력이 발생한다.",8
50,"""을""은 제2항의 규정에 의한 통지를 받은 때에는 다음의 사항을 준수하여야 한다.",8
50,"""을""은 다음 각 호의 1에 해당하는 경우에는 계약의 전부 또는 일부를 해제 또는 해지할 수 있다.",8
50,"제1항의 규정에 의한 계약의 해제 또는 해지는 그 사유를 명시하여 ""갑""에게 통지함으로써 효력이 발생한다.",8
50,"제26조 및 제27조의 규정에 의하여 계약이 해지된 때에는""갑""과 ""을""은 지체없이 기성부분의 공사금액을 청산하여야 한다.",18
50,제26조 및 제27조의 규정에 의하여 계약의 해제 또는 해지로 인하여 손해가 발생한 때에는 상대방에게 그에 대한 배상을 청구할 수 있다.,18
50,이 계약에 의하여 발생하는 권리 또는 의무는 제3자에게 영도하거나 위임할 수 없다. 다만 상대방의 서면승낙과 보증인의 동의를 얻었을 때에는 그러하지 아니하다.,12
50,"""갑""과 ""을""은 이 공사의 시공 및 계약의 이행에 있어서 건설업법 등 관계법령의 제규정을 준수한다.",19
50,"""을""은 도급 받은 공사에 대하여 하도급하는 경우에도 건설업법 및 하도급 거래 공정화에 관한 법률 등 관계법령의 제 규정을 준수한다.",19
50,"건설업법의 적용을 받지 않는 건축물에 대하여는 ""갑""과 ""을""의 합의에 따라 제4조 제5조 제6조 제10조 제11조 제17조 제24조 제30조 제2항의 규정을 완화하여 정할 수 있다.",19
50,계약에 별도로 규정된 것을 제외하고는 계약에서 발생하는 문제에 관한 분쟁은 계약당사자가 쌍방의 합의에 의하여 해결한다.,19
50,제1항의 합의가 성립되지 못할 때에는 당사자의 관련법령에 의하여 설치된 조정 또는 중재기관의 조정 또는 중재에 의하여 해결할 수 있다.,19
50,"제8조 제12조 제14조 제19조제1항 제21조 제25조의 규정을 적용함에 있어 공사감리계약에 따라 공사감리자를 ""갑""으로 볼 수 있다.",0
50,상기 계약 일반사항 이외에 아래 내용을 특약사항으로 정하며 일반사항과 특약사항이 상충되는 경우에는 특약사항을 우선하여 적용하도록 한다.,0